-- phpMyAdmin SQL Dump
-- version 5.2.1
-- https://www.phpmyadmin.net/
--
-- Host: 127.0.0.1
-- Generation Time: Jun 20, 2026 at 05:17 AM
-- Server version: 10.4.32-MariaDB
-- PHP Version: 8.2.12

SET SQL_MODE = "NO_AUTO_VALUE_ON_ZERO";
START TRANSACTION;
SET time_zone = "+00:00";


/*!40101 SET @OLD_CHARACTER_SET_CLIENT=@@CHARACTER_SET_CLIENT */;
/*!40101 SET @OLD_CHARACTER_SET_RESULTS=@@CHARACTER_SET_RESULTS */;
/*!40101 SET @OLD_COLLATION_CONNECTION=@@COLLATION_CONNECTION */;
/*!40101 SET NAMES utf8mb4 */;

--
-- Database: `sathanimala`
--

-- --------------------------------------------------------

--
-- Table structure for table `login`
--

CREATE TABLE `login` (
  `user_id` int(11) NOT NULL,
  `username` varchar(50) NOT NULL,
  `password` varchar(255) NOT NULL,
  `owner_name` varchar(100) NOT NULL,
  `nickname` varchar(50) DEFAULT NULL,
  `role` enum('owner','cashier','employee') NOT NULL DEFAULT 'employee'
) ENGINE=InnoDB DEFAULT CHARSET=utf8mb4 COLLATE=utf8mb4_general_ci;

--
-- Dumping data for table `login`
--

INSERT INTO `login` (`user_id`, `username`, `password`, `owner_name`, `nickname`, `role`) VALUES
(3, 'admin1', '$2b$12$2hXxV9dEidHYKMOgCKIpteAOtxZ1NvfSBu/TKKqwvlKAUbPSQxxXm', 'พี่เก๋', 'พี่เก๋', 'owner'),
(4, 'admin2', '$2b$12$IgyDFAIwUFpmP79JXRMuU.HBvIvNX8FtJckOE9Slu0s9WqjmPuHkC', 'พี่ใหญ่', 'พี่ใหญ่', 'owner'),
(17, 'Sathaneemhala', '$2b$12$3m.iHm/.i7GTTAkzXGI7duKP4wHR7RwtaQ/SUbbhT49/sarq3h/nu', 'เจ้าของร้าน', 'เจ้าของร้าน', 'owner'),
(19, 'pob1234', '$2b$12$7D7tY6GoQ2Agy3HA4jcneuXOx5AKEAHlpoFQmEz.uDkOAaw9YTUSy', 'Nantapoob Leeko', 'N\'Pob', 'cashier');

-- --------------------------------------------------------

--
-- Table structure for table `special_tables`
--

CREATE TABLE `special_tables` (
  `id` int(11) NOT NULL,
  `table_name` varchar(50) NOT NULL,
  `created_at` datetime DEFAULT current_timestamp()
) ENGINE=InnoDB DEFAULT CHARSET=utf8 COLLATE=utf8_unicode_ci;

-- --------------------------------------------------------

--
-- Table structure for table `table_activity_log`
--

CREATE TABLE `table_activity_log` (
  `log_id` int(11) NOT NULL,
  `table_number` varchar(50) NOT NULL,
  `session_token` varchar(100) NOT NULL,
  `order_url` text DEFAULT NULL,
  `user_id` int(11) DEFAULT NULL,
  `username` varchar(100) DEFAULT NULL,
  `owner_name` varchar(255) DEFAULT NULL,
  `action` varchar(50) DEFAULT 'open_table',
  `created_at` datetime DEFAULT current_timestamp()
) ENGINE=InnoDB DEFAULT CHARSET=utf8 COLLATE=utf8_unicode_ci;

--
-- Dumping data for table `table_activity_log`
--

INSERT INTO `table_activity_log` (`log_id`, `table_number`, `session_token`, `order_url`, `user_id`, `username`, `owner_name`, `action`, `created_at`) VALUES
(1, 'T7', 'a98190c07bf4b362', 'http://sathaneemala.trueddns.com:42090/customer?table=VDc=', 3, 'admin1', 'พี่เก๋', 'open_table', '2026-05-18 18:58:25'),
(2, 'T7', 'a98190c07bf4b362', 'http://sathaneemala.trueddns.com:42090/customer?table=VDc=', 4, 'admin2', 'พี่ใหญ่', 'open_table', '2026-05-18 19:00:27'),
(3, 'T7', 'a98190c07bf4b362', 'http://sathaneemala.trueddns.com:42090/customer?table=VDc=', 4, 'admin2', 'พี่ใหญ่', 'open_table', '2026-05-18 19:00:36'),
(4, 'T7', 'a98190c07bf4b362', 'http://sathaneemala.trueddns.com:42090/customer?table=VDc=', 4, 'admin2', 'พี่ใหญ่', 'open_table', '2026-05-18 19:02:16'),
(5, 'Ex1', 'caaf8eaf3ca813da', 'http://sathaneemala.trueddns.com:42090/customer?table=RXgx', 4, 'admin2', 'พี่ใหญ่', 'open_table', '2026-05-18 19:03:09'),
(6, 'Ex1', 'caaf8eaf3ca813da', 'http://sathaneemala.trueddns.com:42090/customer?table=RXgx', 4, 'admin2', 'พี่ใหญ่', 'open_table', '2026-05-18 19:03:10'),
(7, 'Ex1', 'caaf8eaf3ca813da', NULL, 4, 'admin2', 'พี่ใหญ่', 'checkout', '2026-05-18 19:07:39'),
(8, 'Ex8', '14ae3c20455123d4', 'http://sathaneemala.trueddns.com:42090/customer?table=RXg4', 4, 'admin2', 'พี่ใหญ่', 'open_table', '2026-05-18 19:08:33'),
(9, 'Ex8', '14ae3c20455123d4', 'http://sathaneemala.trueddns.com:42090/customer?table=RXg4', 4, 'admin2', 'พี่ใหญ่', 'open_table', '2026-05-18 19:08:34'),
(10, 'Ex8', '14ae3c20455123d4', NULL, 14, 'jame1', 'เจม -', 'checkout', '2026-05-18 19:28:41'),
(11, 'T1', 'f67d1aa01db7960e', 'http://sathaneemala.trueddns.com:42090/customer?table=VDE=', 14, 'jame1', 'เจม -', 'open_table', '2026-05-18 19:34:03'),
(12, 'T1', 'f67d1aa01db7960e', NULL, 14, 'jame1', 'เจม -', 'checkout', '2026-05-18 19:42:36'),
(13, 'T8', '524890810c1f9ac5', 'http://sathaneemala.trueddns.com:42090/customer?table=VDg=', 4, 'admin2', 'พี่ใหญ่', 'open_table', '2026-05-21 02:16:24'),
(14, 'T2', 'b8fd1d1f15cc81b5', 'http://sathaneemala.trueddns.com:42090/customer?table=VDI=', 3, 'admin1', 'พี่เก๋', 'open_table', '2026-05-29 17:40:37'),
(15, 'T2', 'b8fd1d1f15cc81b5', 'http://sathaneemala.trueddns.com:42090/customer?table=VDI=', 3, 'admin1', 'พี่เก๋', 'open_table', '2026-05-29 17:42:23'),
(16, 'T2', 'b8fd1d1f15cc81b5', 'http://sathaneemala.trueddns.com:42090/customer?table=VDI=', 3, 'admin1', 'พี่เก๋', 'open_table', '2026-05-29 17:48:19'),
(17, 'T2', 'b8fd1d1f15cc81b5', 'http://sathaneemala.trueddns.com:42090/customer?table=VDI=', 3, 'admin1', 'พี่เก๋', 'open_table', '2026-05-29 17:48:27'),
(18, 'T2', 'b8fd1d1f15cc81b5', 'http://sathaneemala.trueddns.com:42090/customer?table=VDI=', 3, 'admin1', 'พี่เก๋', 'open_table', '2026-05-29 17:48:32'),
(19, 'T25', 'c211d099827de251', 'http://sathaneemala.trueddns.com:42090/customer?table=VDI1', 3, 'admin1', 'พี่เก๋', 'open_table', '2026-05-29 17:49:51'),
(20, 'T25', 'c211d099827de251', 'http://sathaneemala.trueddns.com:42090/customer?table=VDI1', 3, 'admin1', 'พี่เก๋', 'open_table', '2026-05-29 17:55:47'),
(21, 'T25', 'c211d099827de251', 'http://sathaneemala.trueddns.com:42090/customer?table=VDI1', 3, 'admin1', 'พี่เก๋', 'open_table', '2026-05-29 17:56:07'),
(22, 'T25', 'c211d099827de251', 'http://sathaneemala.trueddns.com:42090/customer?table=VDI1', 3, 'admin1', 'พี่เก๋', 'open_table', '2026-05-29 17:56:24'),
(23, 'T25', 'c211d099827de251', 'http://sathaneemala.trueddns.com:42090/customer?table=VDI1', 3, 'admin1', 'พี่เก๋', 'open_table', '2026-05-29 18:37:34'),
(24, 'T5', '5e0b435b9813ab4c', 'http://sathaneemala.trueddns.com:42090/customer?table=VDU=', 3, 'admin1', 'พี่เก๋', 'open_table', '2026-05-29 19:40:25'),
(25, 'T5', '5e0b435b9813ab4c', 'http://sathaneemala.trueddns.com:42090/customer?table=VDU=', 3, 'admin1', 'พี่เก๋', 'open_table', '2026-05-29 19:40:36'),
(26, 'T9', 'fef10f295f05dbf4', 'http://sathaneemala.trueddns.com:42090/customer?table=VDk=', 3, 'admin1', 'พี่เก๋', 'open_table', '2026-05-29 19:40:47'),
(27, 'T25', 'c211d099827de251', 'http://sathaneemala.trueddns.com:42090/customer?table=VDI1', 3, 'admin1', 'พี่เก๋', 'open_table', '2026-05-29 19:41:50'),
(28, 'T25', 'c211d099827de251', 'http://sathaneemala.trueddns.com:42090/customer?table=VDI1', 3, 'admin1', 'พี่เก๋', 'open_table', '2026-05-29 19:44:16'),
(29, 'T25', 'c211d099827de251', 'http://sathaneemala.trueddns.com:42090/customer?table=VDI1', 3, 'admin1', 'พี่เก๋', 'open_table', '2026-05-29 19:46:30'),
(30, 'T25', 'c211d099827de251', 'http://sathaneemala.trueddns.com:42090/customer?table=VDI1', 3, 'admin1', 'พี่เก๋', 'open_table', '2026-05-29 19:48:28'),
(31, 'T25', 'c211d099827de251', 'http://sathaneemala.trueddns.com:42090/customer?table=VDI1', 3, 'admin1', 'พี่เก๋', 'open_table', '2026-05-29 19:48:38'),
(32, 'Ex3', '0b3524bbeb2fe31d', 'http://sathaneemala.trueddns.com:42090/customer?table=RXgz', 3, 'admin1', 'พี่เก๋', 'open_table', '2026-05-29 19:50:42'),
(33, 'Ex3', '0b3524bbeb2fe31d', 'http://sathaneemala.trueddns.com:42090/customer?table=RXgz', 3, 'admin1', 'พี่เก๋', 'open_table', '2026-05-29 19:50:44'),
(34, 'T8', '524890810c1f9ac5', NULL, 3, 'admin1', 'พี่เก๋', 'checkout', '2026-06-03 12:40:38'),
(35, 'T2', 'b8fd1d1f15cc81b5', NULL, 3, 'admin1', 'พี่เก๋', 'checkout', '2026-06-03 12:41:05'),
(36, 'T25', 'c211d099827de251', NULL, 3, 'admin1', 'พี่เก๋', 'checkout', '2026-06-03 12:41:10'),
(37, 'T5', '5e0b435b9813ab4c', NULL, 3, 'admin1', 'พี่เก๋', 'checkout', '2026-06-03 12:41:14'),
(38, 'T9', 'fef10f295f05dbf4', NULL, 3, 'admin1', 'พี่เก๋', 'checkout', '2026-06-03 12:41:20'),
(39, 'Ex3', '0b3524bbeb2fe31d', NULL, 3, 'admin1', 'พี่เก๋', 'checkout', '2026-06-03 12:41:25'),
(40, 'T3', '181ed152acbd6815', 'http://sathaneemala.trueddns.com:42090/customer?table=VDM=', 3, 'admin1', 'พี่เก๋', 'open_table', '2026-06-05 17:59:32'),
(41, 'T2', '7a4bff6a2b3b1da5', 'http://sathaneemala.trueddns.com:42090/customer?table=VDI=', 3, 'admin1', 'พี่เก๋', 'open_table', '2026-06-05 18:00:00'),
(42, 'T1', '34b7b983367a848b', 'http://sathaneemala.trueddns.com:42090/customer?table=VDE=', 3, 'admin1', 'พี่เก๋', 'open_table', '2026-06-05 18:00:46'),
(43, 'T1', '34b7b983367a848b', 'http://sathaneemala.trueddns.com:42090/customer?table=VDE=', 17, 'Sathaneemhala', 'เจ้าของร้าน', 'open_table', '2026-06-06 07:35:42'),
(44, 'T3', '015e6235c830e5ec', 'http://sathaneemala.trueddns.com:42090/customer?table=VDM=', 3, 'admin1', 'พี่เก๋', 'open_table', '2026-06-06 11:41:32'),
(45, 'T2', '7224229487d98107', 'http://sathaneemala.trueddns.com:42090/customer?table=VDI=', 3, 'admin1', 'พี่เก๋', 'open_table', '2026-06-07 19:07:54'),
(46, 'T2', '7224229487d98107', 'http://sathaneemala.trueddns.com:42090/customer?table=VDI=', 3, 'admin1', 'พี่เก๋', 'open_table', '2026-06-07 19:08:00'),
(47, 'T13', 'ac81238d9f8c4be6', 'http://sathaneemala.trueddns.com:42090/customer?table=VDEz', 3, 'admin1', 'พี่เก๋', 'open_table', '2026-06-07 19:08:10'),
(48, 'T13', 'ac81238d9f8c4be6', 'http://sathaneemala.trueddns.com:42090/customer?table=VDEz', 3, 'admin1', 'พี่เก๋', 'open_table', '2026-06-07 19:11:46'),
(49, 'T3', '015e6235c830e5ec', 'http://sathaneemala.trueddns.com:42090/customer?table=VDM=', 3, 'admin1', 'พี่เก๋', 'open_table', '2026-06-07 19:13:52'),
(50, 'Ex7', 'de32cd0603306fcc', 'http://sathaneemala.trueddns.com:42090/customer?table=RXg3', 3, 'admin1', 'พี่เก๋', 'open_table', '2026-06-07 19:14:01'),
(51, 'B38', 'c633842706cf8661', 'http://sathaneemala.trueddns.com:42090/customer?table=QjM4', 3, 'admin1', 'พี่เก๋', 'open_table', '2026-06-07 19:14:53'),
(52, 'B37', 'dccc1d04df2b4b93', 'http://sathaneemala.trueddns.com:42090/customer?table=QjM3', 3, 'admin1', 'พี่เก๋', 'open_table', '2026-06-07 19:15:28'),
(53, 'B36', '0b29b0a4b311d712', 'http://sathaneemala.trueddns.com:42090/customer?table=QjM2', 3, 'admin1', 'พี่เก๋', 'open_table', '2026-06-07 19:16:59'),
(54, 'B35', '7b137af13d9928f9', 'http://sathaneemala.trueddns.com:42090/customer?table=QjM1', 3, 'admin1', 'พี่เก๋', 'open_table', '2026-06-07 19:22:18'),
(55, 'B34', 'a3cc6e408a7f2c70', 'http://sathaneemala.trueddns.com:42090/customer?table=QjM0', 3, 'admin1', 'พี่เก๋', 'open_table', '2026-06-07 19:23:28'),
(56, 'B38', 'c633842706cf8661', 'http://sathaneemala.trueddns.com:42090/customer?table=QjM4', 3, 'admin1', 'พี่เก๋', 'open_table', '2026-06-07 19:26:28'),
(57, 'B33', '9bcda4ab3a5660fe', 'http://sathaneemala.trueddns.com:42090/customer?table=QjMz', 3, 'admin1', 'พี่เก๋', 'open_table', '2026-06-07 19:28:44'),
(58, 'B32', '82ac7c329184ee4b', 'http://sathaneemala.trueddns.com:42090/customer?table=QjMy', 3, 'admin1', 'พี่เก๋', 'open_table', '2026-06-07 19:45:37'),
(59, 'T17', '970aad7d171ac72b', 'http://sathaneemala.trueddns.com:42090/customer?table=VDE3', 3, 'admin1', 'พี่เก๋', 'open_table', '2026-06-07 19:47:52'),
(60, 'T17', '970aad7d171ac72b', 'http://sathaneemala.trueddns.com:42090/customer?table=VDE3', 3, 'admin1', 'พี่เก๋', 'open_table', '2026-06-07 19:57:47'),
(61, 'B31', 'e51201d67b3f90eb', 'http://sathaneemala.trueddns.com:42090/customer?table=QjMx', 3, 'admin1', 'พี่เก๋', 'open_table', '2026-06-07 20:01:11'),
(62, 'T23', '7bf787b0990d8573', 'http://sathaneemala.trueddns.com:42090/customer?table=VDIz', 3, 'admin1', 'พี่เก๋', 'open_table', '2026-06-07 20:03:00'),
(63, 'T3', '015e6235c830e5ec', NULL, 3, 'admin1', 'พี่เก๋', 'checkout', '2026-06-07 20:03:37'),
(64, 'T24', '4aa6e05c7780c5b1', 'http://sathaneemala.trueddns.com:42090/customer?table=VDI0', 3, 'admin1', 'พี่เก๋', 'open_table', '2026-06-07 20:33:13'),
(65, 'T1', '7cf144a98b2a5ed8', 'http://sathaneemala.trueddns.com:42090/customer?table=VDE=', 17, 'Sathaneemhala', 'เจ้าของร้าน', 'open_table', '2026-06-08 03:33:45'),
(66, 'B30', 'a853c60dc65419ca', 'http://sathaneemala.trueddns.com:42090/customer?table=QjMw', 3, 'admin1', 'พี่เก๋', 'open_table', '2026-06-14 18:52:00'),
(67, 'B30', 'a853c60dc65419ca', NULL, 3, 'admin1', 'พี่เก๋', 'checkout', '2026-06-14 18:53:18'),
(68, 'T10', '8a8834ffe6e38886', 'http://sathaneemala.trueddns.com:42090/customer?table=VDEw', 3, 'admin1', 'พี่เก๋', 'open_table', '2026-06-14 18:55:34'),
(69, 'T3', '812bddb517d243e9', 'http://sathaneemala.trueddns.com:42090/customer?table=VDM=', 3, 'admin1', 'พี่เก๋', 'open_table', '2026-06-14 20:13:55'),
(70, 'B31', 'e51201d67b3f90eb', NULL, 3, 'admin1', 'พี่เก๋', 'checkout', '2026-06-14 20:17:30'),
(71, 'T18', '197d5f745042460c', 'http://sathaneemala.trueddns.com:42090/customer?table=VDE4', 3, 'admin1', 'พี่เก๋', 'open_table', '2026-06-16 19:59:33'),
(72, 'T2', '7224229487d98107', NULL, 17, 'Sathaneemhala', 'เจ้าของร้าน', 'checkout', '2026-06-16 20:14:11'),
(73, 'T5', 'a1f9f613467080b8', 'http://sathaneemala.trueddns.com:42090/customer?table=VDU=', 18, '1234', 'Nantapob Leeko', 'open_table', '2026-06-16 20:22:24'),
(74, 'T5', 'a1f9f613467080b8', NULL, 18, '1234', 'Nantapob Leeko', 'checkout', '2026-06-16 20:31:29'),
(75, 'T1', '9ddc6e9c6e1fd860', 'http://sathaneemala.trueddns.com:42090/customer?table=VDE=', 3, 'admin1', 'พี่เก๋', 'open_table', '2026-06-17 17:34:11'),
(76, 'T2', '08601e778ec53aba', 'http://sathaneemala.trueddns.com:42090/customer?table=VDI=', 3, 'admin1', 'พี่เก๋', 'open_table', '2026-06-17 17:36:24'),
(77, 'T1', '9ddc6e9c6e1fd860', NULL, 3, 'admin1', 'พี่เก๋', 'checkout', '2026-06-17 17:37:40'),
(78, 'T2', '08601e778ec53aba', 'http://sathaneemala.trueddns.com:42090/customer?table=VDI=', 3, 'admin1', 'พี่เก๋', 'open_table', '2026-06-17 17:40:48'),
(79, 'T2', '08601e778ec53aba', NULL, 3, 'admin1', 'พี่เก๋', 'checkout', '2026-06-17 17:40:56'),
(80, 'T16', '845162a2a9810290', 'http://sathaneemala.trueddns.com:42090/customer?table=VDE2', 3, 'admin1', 'พี่เก๋', 'open_table', '2026-06-17 17:43:03'),
(81, 'T1', '27dee62f1b8a894c', 'http://sathaneemala.trueddns.com:42090/customer?table=VDE=', 3, 'admin1', 'พี่เก๋', 'open_table', '2026-06-17 17:46:43'),
(82, 'T1', '27dee62f1b8a894c', 'http://sathaneemala.trueddns.com:42090/customer?table=VDE=', 3, 'admin1', 'พี่เก๋', 'open_table', '2026-06-17 17:49:46'),
(83, 'T1', '92b5318c534a8438', 'http://sathaneemala.trueddns.com:42090/customer?table=VDE=', 3, 'admin1', 'พี่เก๋', 'open_table', '2026-06-17 17:58:18'),
(84, 'T1', '1bf8fedcbd953e1e', 'http://sathaneemala.trueddns.com:42090/customer?table=VDE=', 3, 'admin1', 'พี่เก๋', 'open_table', '2026-06-17 18:03:43'),
(85, 'T9', '15210671da40ebe6', 'http://sathaneemala.trueddns.com:42090/customer?table=VDk=', 18, '1234', 'Nantapob Leeko', 'open_table', '2026-06-17 18:11:40'),
(86, 'T10', 'dc7ea7488af51ecb', 'http://sathaneemala.trueddns.com:42090/customer?table=VDEw', 3, 'admin1', 'พี่เก๋', 'open_table', '2026-06-17 18:16:53'),
(87, 'T4', '4e5b371b964db069', 'http://sathaneemala.trueddns.com:42090/customer?table=VDQ=', 3, 'admin1', 'พี่เก๋', 'open_table', '2026-06-17 18:54:25'),
(88, 'T19', '23b7b3202bc2d3a0', 'http://sathaneemala.trueddns.com:42090/customer?table=VDE5', 3, 'admin1', 'พี่เก๋', 'open_table', '2026-06-17 18:58:06'),
(89, 'T3', '423f13652126a9ec', 'http://sathaneemala.trueddns.com:42090/customer?table=VDM=', 3, 'admin1', 'พี่เก๋', 'open_table', '2026-06-17 19:06:02'),
(90, 'B30', '13cee22649d5e51a', 'http://sathaneemala.trueddns.com:42090/customer?table=QjMw', 3, 'admin1', 'พี่เก๋', 'open_table', '2026-06-17 19:06:11'),
(91, 'T22', 'f9da9fb0ea885035', 'http://sathaneemala.trueddns.com:42090/customer?table=VDIy', 3, 'admin1', 'พี่เก๋', 'open_table', '2026-06-17 19:06:35'),
(92, 'T5', 'd85778317a8c5c54', 'http://sathaneemala.trueddns.com:42090/customer?table=VDU=', 3, 'admin1', 'พี่เก๋', 'open_table', '2026-06-17 19:16:33'),
(93, 'T24', '880d2929733e5c7a', 'http://sathaneemala.trueddns.com:42090/customer?table=VDI0', 3, 'admin1', 'พี่เก๋', 'open_table', '2026-06-17 19:17:37'),
(94, 'T15', '0926c0ee162b0b40', 'http://sathaneemala.trueddns.com:42090/customer?table=VDE1', 3, 'admin1', 'พี่เก๋', 'open_table', '2026-06-17 19:32:16'),
(95, 'T7', '274d378ae1bce972', 'http://sathaneemala.trueddns.com:42090/customer?table=VDc=', 3, 'admin1', 'พี่เก๋', 'open_table', '2026-06-17 19:36:24'),
(96, 'B26', 'bf8435fa3021f203', 'http://sathaneemala.trueddns.com:42090/customer?table=QjI2', 3, 'admin1', 'พี่เก๋', 'open_table', '2026-06-17 19:37:33'),
(97, 'B28', 'f959a746af81c2df', 'http://sathaneemala.trueddns.com:42090/customer?table=QjI4', 3, 'admin1', 'พี่เก๋', 'open_table', '2026-06-17 19:58:26'),
(98, 'T12', '3408545d221ddba2', 'http://sathaneemala.trueddns.com:42090/customer?table=VDEy', 3, 'admin1', 'พี่เก๋', 'open_table', '2026-06-17 19:58:32'),
(99, 'T23', '7c2eb013723e83b4', 'http://sathaneemala.trueddns.com:42090/customer?table=VDIz', 3, 'admin1', 'พี่เก๋', 'open_table', '2026-06-17 20:00:28'),
(100, 'T23', '7c2eb013723e83b4', NULL, 3, 'admin1', 'พี่เก๋', 'checkout', '2026-06-17 20:16:12'),
(101, 'T14', '81dbeb12277ad702', 'http://sathaneemala.trueddns.com:42090/customer?table=VDE0', 3, 'admin1', 'พี่เก๋', 'open_table', '2026-06-17 20:17:17'),
(102, 'T23', '2e9707a845e58ea6', 'http://sathaneemala.trueddns.com:42090/customer?table=VDIz', 3, 'admin1', 'พี่เก๋', 'open_table', '2026-06-17 20:17:36'),
(103, 'T4', '4e5b371b964db069', NULL, 3, 'admin1', 'พี่เก๋', 'checkout', '2026-06-17 20:18:47'),
(104, 'T1', '1bf8fedcbd953e1e', NULL, 3, 'admin1', 'พี่เก๋', 'checkout', '2026-06-17 20:18:58'),
(105, 'B26', '6c7497f209df0541', 'http://sathaneemala.trueddns.com:42090/customer?table=QjI2', 3, 'admin1', 'พี่เก๋', 'open_table', '2026-06-17 20:21:59'),
(106, 'T8', '1cd44dfe11d8e84a', 'http://sathaneemala.trueddns.com:42090/customer?table=VDg=', 3, 'admin1', 'พี่เก๋', 'open_table', '2026-06-17 20:23:27'),
(107, 'Ex10', '4015409c58851cb9', 'http://sathaneemala.trueddns.com:42090/customer?table=RXgxMA==', 3, 'admin1', 'พี่เก๋', 'open_table', '2026-06-17 20:25:03'),
(108, 'Ex10', '4015409c58851cb9', 'http://sathaneemala.trueddns.com:42090/customer?table=RXgxMA==', 3, 'admin1', 'พี่เก๋', 'open_table', '2026-06-17 20:25:05'),
(109, 'T13', '568f1f4c76940088', 'http://sathaneemala.trueddns.com:42090/customer?table=VDEz', 3, 'admin1', 'พี่เก๋', 'open_table', '2026-06-17 20:27:24'),
(110, 'Ex1', '9c0221c7390374be', 'http://sathaneemala.trueddns.com:42090/customer?table=RXgx', 3, 'admin1', 'พี่เก๋', 'open_table', '2026-06-17 20:28:32'),
(111, 'Ex1', '9c0221c7390374be', 'http://sathaneemala.trueddns.com:42090/customer?table=RXgx', 3, 'admin1', 'พี่เก๋', 'open_table', '2026-06-17 20:28:35'),
(112, 'T5', 'd85778317a8c5c54', NULL, 3, 'admin1', 'พี่เก๋', 'checkout', '2026-06-17 20:34:31'),
(113, 'T5', '301a7a91fffb78df', 'http://sathaneemala.trueddns.com:42090/customer?table=VDU=', 3, 'admin1', 'พี่เก๋', 'open_table', '2026-06-17 20:34:46'),
(114, 'T5', '301a7a91fffb78df', NULL, 3, 'admin1', 'พี่เก๋', 'checkout', '2026-06-17 20:36:23'),
(115, 'T10', 'dc7ea7488af51ecb', NULL, 3, 'admin1', 'พี่เก๋', 'checkout', '2026-06-17 20:38:41'),
(116, 'T10', '32a59888e84f76ee', 'http://sathaneemala.trueddns.com:42090/customer?table=VDEw', 3, 'admin1', 'พี่เก๋', 'open_table', '2026-06-17 20:39:05'),
(117, 'T9', '15210671da40ebe6', NULL, 3, 'admin1', 'พี่เก๋', 'checkout', '2026-06-17 20:41:53'),
(118, 'T5', '72696c9ca73b54f9', 'http://sathaneemala.trueddns.com:42090/customer?table=VDU=', 3, 'admin1', 'พี่เก๋', 'open_table', '2026-06-17 20:52:16'),
(119, 'T1', 'b554b21fbf08ffd0', 'http://sathaneemala.trueddns.com:42090/customer?table=VDE=', 3, 'admin1', 'พี่เก๋', 'open_table', '2026-06-17 20:57:26'),
(120, 'T23', '2e9707a845e58ea6', NULL, 3, 'admin1', 'พี่เก๋', 'checkout', '2026-06-17 21:11:17'),
(121, 'T24', '880d2929733e5c7a', NULL, 3, 'admin1', 'พี่เก๋', 'checkout', '2026-06-17 21:13:34'),
(122, 'B30', 'b824b8e46ab8a3d0', 'http://sathaneemala.trueddns.com:42090/customer?table=QjMw', 3, 'admin1', 'พี่เก๋', 'open_table', '2026-06-17 21:14:50'),
(123, 'T16', '845162a2a9810290', NULL, 3, 'admin1', 'พี่เก๋', 'checkout', '2026-06-17 21:17:27'),
(124, 'T7', '274d378ae1bce972', NULL, 3, 'admin1', 'พี่เก๋', 'checkout', '2026-06-17 21:22:42'),
(125, 'T4', '38f9b774e98322c4', 'http://sathaneemala.trueddns.com:42090/customer?table=VDQ=', 3, 'admin1', 'พี่เก๋', 'open_table', '2026-06-17 21:24:13'),
(126, 'Ex2', '17bea1ad082cecef', 'http://sathaneemala.trueddns.com:42090/customer?table=RXgy', 3, 'admin1', 'พี่เก๋', 'open_table', '2026-06-17 21:26:11'),
(127, 'Ex2', '17bea1ad082cecef', 'http://sathaneemala.trueddns.com:42090/customer?table=RXgy', 3, 'admin1', 'พี่เก๋', 'open_table', '2026-06-17 21:26:11'),
(128, 'T12', '3408545d221ddba2', NULL, 3, 'admin1', 'พี่เก๋', 'checkout', '2026-06-17 21:40:14'),
(129, 'T15', '0926c0ee162b0b40', NULL, 3, 'admin1', 'พี่เก๋', 'checkout', '2026-06-17 21:40:43'),
(130, 'T22', 'f9da9fb0ea885035', NULL, 3, 'admin1', 'พี่เก๋', 'checkout', '2026-06-17 21:46:31'),
(131, 'T6', '58eb3bf0542572f2', 'http://sathaneemala.trueddns.com:42090/customer?table=VDY=', 3, 'admin1', 'พี่เก๋', 'open_table', '2026-06-17 21:58:45'),
(132, 'T5', '72696c9ca73b54f9', NULL, 3, 'admin1', 'พี่เก๋', 'checkout', '2026-06-17 22:02:45'),
(133, 'T23', '205c9a25ba93b81d', 'http://sathaneemala.trueddns.com:42090/customer?table=VDIz', 3, 'admin1', 'พี่เก๋', 'open_table', '2026-06-17 22:07:06'),
(134, 'Ex5', '63c39bfc7fe5e5e7', 'http://sathaneemala.trueddns.com:42090/customer?table=RXg1', 3, 'admin1', 'พี่เก๋', 'open_table', '2026-06-17 22:09:04'),
(135, 'Ex5', '63c39bfc7fe5e5e7', 'http://sathaneemala.trueddns.com:42090/customer?table=RXg1', 3, 'admin1', 'พี่เก๋', 'open_table', '2026-06-17 22:09:06'),
(136, 'B26', '6c7497f209df0541', NULL, 3, 'admin1', 'พี่เก๋', 'checkout', '2026-06-17 22:14:39'),
(137, 'T9', '1d79516927a36eda', 'http://sathaneemala.trueddns.com:42090/customer?table=VDk=', 3, 'admin1', 'พี่เก๋', 'open_table', '2026-06-17 22:15:24'),
(138, 'T4', '38f9b774e98322c4', NULL, 3, 'admin1', 'พี่เก๋', 'checkout', '2026-06-17 22:35:18'),
(139, 'Ex5', '63c39bfc7fe5e5e7', NULL, 3, 'admin1', 'พี่เก๋', 'checkout', '2026-06-17 22:36:11'),
(140, 'T3', '423f13652126a9ec', NULL, 3, 'admin1', 'พี่เก๋', 'checkout', '2026-06-17 23:04:21'),
(141, 'B30', 'b824b8e46ab8a3d0', NULL, 3, 'admin1', 'พี่เก๋', 'checkout', '2026-06-17 23:11:04'),
(142, 'T19', '23b7b3202bc2d3a0', NULL, 3, 'admin1', 'พี่เก๋', 'checkout', '2026-06-17 23:25:19'),
(143, 'T6', '58eb3bf0542572f2', NULL, 3, 'admin1', 'พี่เก๋', 'checkout', '2026-06-17 23:40:57'),
(144, 'T9', '1d79516927a36eda', NULL, 3, 'admin1', 'พี่เก๋', 'checkout', '2026-06-17 23:42:50'),
(145, 'T1', 'b554b21fbf08ffd0', NULL, 3, 'admin1', 'พี่เก๋', 'checkout', '2026-06-17 23:44:27'),
(146, 'T8', '1cd44dfe11d8e84a', NULL, 3, 'admin1', 'พี่เก๋', 'checkout', '2026-06-17 23:46:08'),
(147, 'T10', '32a59888e84f76ee', NULL, 3, 'admin1', 'พี่เก๋', 'checkout', '2026-06-17 23:46:27'),
(148, 'T13', '568f1f4c76940088', NULL, 3, 'admin1', 'พี่เก๋', 'checkout', '2026-06-17 23:46:44'),
(149, 'T23', '205c9a25ba93b81d', NULL, 3, 'admin1', 'พี่เก๋', 'checkout', '2026-06-17 23:48:40'),
(150, 'Ex2', '17bea1ad082cecef', NULL, 3, 'admin1', 'พี่เก๋', 'checkout', '2026-06-17 23:48:56'),
(151, 'Ex1', '9c0221c7390374be', NULL, 3, 'admin1', 'พี่เก๋', 'checkout', '2026-06-17 23:53:52'),
(152, 'B28', 'f959a746af81c2df', NULL, 3, 'admin1', 'พี่เก๋', 'checkout', '2026-06-17 23:58:38'),
(153, 'T15', '56b6e0e88c05c643', 'http://sathaneemala.trueddns.com:42090/customer?table=VDE1', 3, 'admin1', 'พี่เก๋', 'open_table', '2026-06-18 00:00:58'),
(154, 'T15', '56b6e0e88c05c643', NULL, 3, 'admin1', 'พี่เก๋', 'checkout', '2026-06-18 00:01:43'),
(155, 'T14', '81dbeb12277ad702', NULL, 3, 'admin1', 'พี่เก๋', 'checkout', '2026-06-18 00:02:15'),
(156, 'T1', '196e0e2e4f360907', 'http://sathaneemala.trueddns.com:42090/customer?table=VDE=', 3, 'admin1', 'พี่เก๋', 'open_table', '2026-06-18 00:48:15'),
(157, 'T1', '196e0e2e4f360907', NULL, 3, 'admin1', 'พี่เก๋', 'checkout', '2026-06-18 00:49:40'),
(158, 'T1', 'cd3893b7c22b0395', 'http://sathaneemala.trueddns.com:42090/customer?table=VDE=', 3, 'admin1', 'พี่เก๋', 'open_table', '2026-06-18 07:58:40'),
(159, 'T1', '8b8b193064536d7a', 'http://sathaneemala.trueddns.com:42090/customer?table=VDE=', 3, 'admin1', 'พี่เก๋', 'open_table', '2026-06-18 08:55:29'),
(160, 'T1', '8b8b193064536d7a', NULL, 3, 'admin1', 'พี่เก๋', 'checkout', '2026-06-20 09:24:38'),
(161, 'T1', '58e4150c7c44e93f', 'http://localhost:5173/customer?table=VDE=', 3, 'admin1', 'พี่เก๋', 'open_table', '2026-06-20 09:26:09'),
(162, 'T1', '58e4150c7c44e93f', NULL, 3, 'admin1', 'พี่เก๋', 'checkout', '2026-06-20 09:26:45'),
(163, 'T1', '53a2db6aeea9da53', 'http://localhost:5173/customer?table=VDE=', 3, 'admin1', 'พี่เก๋', 'open_table', '2026-06-20 09:29:28'),
(164, 'T1', '53a2db6aeea9da53', NULL, 3, 'admin1', 'พี่เก๋', 'checkout', '2026-06-20 09:30:10'),
(165, 'T9', '4875753798dbeb26', 'http://localhost:5173/customer?table=VDk=', 3, 'admin1', 'พี่เก๋', 'open_table', '2026-06-20 09:41:32');

-- --------------------------------------------------------

--
-- Table structure for table `table_category`
--

CREATE TABLE `table_category` (
  `menu_id` int(11) NOT NULL,
  `menu_name` varchar(100) NOT NULL,
  `price` decimal(10,2) NOT NULL,
  `type_id` int(11) DEFAULT NULL,
  `image_path` varchar(255) DEFAULT 'default.jpg',
  `stock_quantity` int(11) DEFAULT 0,
  `is_active` tinyint(1) DEFAULT 1,
  `is_recommended` tinyint(1) DEFAULT 0,
  `low_stock_threshold` int(11) DEFAULT 5,
  `cost` decimal(10,2) DEFAULT 0.00,
  `is_stock_item` tinyint(1) NOT NULL DEFAULT 0,
  `stock_item_id` int(11) DEFAULT NULL,
  `stock_deduct_quantity` int(11) NOT NULL DEFAULT 1
) ENGINE=InnoDB DEFAULT CHARSET=utf8mb4 COLLATE=utf8mb4_general_ci;

--
-- Dumping data for table `table_category`
--

INSERT INTO `table_category` (`menu_id`, `menu_name`, `price`, `type_id`, `image_path`, `stock_quantity`, `is_active`, `is_recommended`, `low_stock_threshold`, `cost`, `is_stock_item`, `stock_item_id`, `stock_deduct_quantity`) VALUES
(19, 'ปีกไก่ทอดน้ำปลา', 89.00, 9, '/assets/img/menus/menu_19.jpg', 0, 1, 0, 5, 0.00, 0, NULL, 1),
(20, 'แสงโสม (กลม)', 350.00, 8, '/assets/img/menus/menu_20.jpg', -3, 1, 0, 5, 0.00, 1, NULL, 1),
(21, 'ยำผักบุ้งกรอบ', 99.00, 13, '/assets/img/menus/menu_21.jpg', 0, 1, 0, 5, 0.00, 0, NULL, 1),
(22, 'หมึกทาโกะวาซาบิ ', 99.00, 15, '/assets/img/menus/menu_22.jpg', 0, 1, 0, 5, 0.00, 0, NULL, 1),
(23, 'เบียร์ช้าง โปร 3 ขวด ', 199.00, 8, '/assets/img/menus/menu_23.png', 10, 1, 0, 5, 0.00, 0, 42, 3),
(24, 'กระเพราหมูสับราดข้าว', 59.00, 10, '/assets/img/menus/menu_24.jpg', 0, 1, 0, 5, 0.00, 0, NULL, 1),
(25, 'แหนมซี่โครง', 89.00, 9, '/assets/img/menus/menu_25.jpg', 0, 1, 0, 5, 0.00, 0, NULL, 1),
(27, 'แมงกระพรุนลวกจิ้ม', 79.00, 15, '/assets/img/menus/menu_27.jpg', 0, 1, 0, 5, 0.00, 0, NULL, 1),
(28, 'แซลม่อนทอดน้ำปลา', 79.00, 9, '/assets/img/menus/menu_28.jpg', 0, 1, 0, 5, 0.00, 0, NULL, 1),
(29, 'ดอลลี่ลวกจิ้ม', 79.00, 15, '/assets/img/menus/menu_29.jpg', 0, 1, 0, 5, 0.00, 0, NULL, 1),
(30, 'เห็ดเข็มทองชุบแป้งทอด', 69.00, 9, '/assets/img/menus/menu_30.jpg', 0, 1, 0, 5, 0.00, 0, NULL, 1),
(31, 'กุ้งแช่น้ำปลา', 89.00, 15, '/assets/img/menus/menu_31.jpg', 0, 1, 0, 5, 0.00, 0, NULL, 1),
(32, 'ปีกไก่ทอดน้ำปลา', 89.00, 9, '/assets/img/menus/menu_32.jpg', 0, 1, 0, 5, 0.00, 0, NULL, 1),
(33, 'ยำแซลม่อน', 99.00, 13, '/assets/img/menus/menu_33.jpg', 0, 1, 0, 5, 0.00, 0, NULL, 1),
(34, 'เอ็นไก่ทอด', 79.00, 9, '/assets/img/menus/menu_34.jpg', 0, 1, 0, 5, 0.00, 0, NULL, 1),
(35, 'แซลม่อนดองซีอิ้ว', 99.00, 15, '/assets/img/menus/menu_35.jpg', 0, 1, 0, 5, 0.00, 0, NULL, 1),
(36, 'กุ้งดองซีอิ้ว', 89.00, 15, '/assets/img/menus/menu_36.jpg', 0, 1, 0, 5, 0.00, 0, NULL, 1),
(37, 'สามชั้นคั่วพริกเกลือ', 89.00, 15, '/assets/img/menus/menu_37.jpg', 0, 1, 0, 5, 0.00, 0, NULL, 1),
(39, 'ต้มแซ่บดอลลี่', 89.00, 14, '/assets/img/menus/menu_39.jpg', 0, 1, 0, 5, 0.00, 0, NULL, 1),
(40, 'ข้าวไข่เจียวหมูสับ', 49.00, 10, '/assets/img/menus/menu_40.jpg', 0, 1, 0, 5, 0.00, 0, NULL, 1),
(41, 'แมงกระพรุนน้ำมันงา', 79.00, 15, '/assets/img/menus/menu_41.jpg', 0, 1, 0, 5, 0.00, 0, NULL, 1),
(42, 'เบียร์ช้าง / 1 ขวด', 70.00, 8, '/assets/img/menus/menu_42.png', 14, 1, 0, 5, 0.00, 1, NULL, 1),
(43, 'เบียร์ ลีโอ / 1 ขวด', 70.00, 8, '/assets/img/menus/menu_43.png', 0, 1, 0, 5, 0.00, 1, NULL, 1),
(44, 'เบียร์สิงห์ /1 ขวด', 80.00, 8, '/assets/img/menus/menu_44.png', 14, 1, 0, 5, 0.00, 1, NULL, 1),
(45, 'แสงโสม (แบน)', 185.00, 8, '/assets/img/menus/menu_45.png', -46, 1, 0, 5, 0.00, 1, NULL, 1),
(46, 'แข็งถังใหญ่', 30.00, 16, '/assets/img/menus/menu_46.png', -18, 1, 0, 5, 0.00, 1, NULL, 1),
(47, 'น้ำแข็งถังเล็ก', 15.00, 16, '/assets/img/menus/menu_47.png', -92, 1, 0, 5, 0.00, 1, NULL, 1),
(48, 'น้ำแข็งถังใหญ่', 30.00, 16, '/assets/img/menus/menu_48.png', -15, 1, 0, 5, 0.00, 1, NULL, 1),
(49, 'ชุดปลาจุ่ม', 259.00, 17, '/assets/img/menus/menu_49.jpg', 0, 1, 0, 5, 0.00, 0, NULL, 1),
(50, 'ชุดหมูจุ่ม', 169.00, 17, '/assets/img/menus/menu_50.jpeg', 0, 1, 0, 5, 0.00, 0, NULL, 1),
(51, 'หางหมูกรอบ', 109.00, 9, '/assets/img/menus/menu_51.jpg', 20, 1, 0, 5, 0.00, 0, NULL, 1),
(52, 'ต้มจืดเต้าหู้สาหร่าย', 89.00, 14, '/assets/img/menus/menu_52.jpeg', 0, 1, 0, 5, 0.00, 0, NULL, 1),
(53, 'ต้มแซ่บปลาดอลลี่', 89.00, 14, '/assets/img/menus/menu_53.jpeg', 0, 1, 0, 5, 0.00, 0, NULL, 1),
(54, 'ต้มแซ่บเอ็นไก่', 89.00, 14, '/assets/img/menus/menu_54.jpeg', 0, 1, 0, 5, 0.00, 0, NULL, 1),
(55, 'ต้มแซ่บไส้ตัน', 99.00, 14, '/assets/img/menus/menu_55.jpeg', 0, 1, 0, 5, 0.00, 0, NULL, 1),
(56, 'ต้มแซ่บซี่โครงหมู', 99.00, 14, '/assets/img/menus/menu_56.jpeg', 0, 1, 0, 5, 0.00, 0, NULL, 1),
(57, 'ต้มยำกุ้งน้ำข้น', 139.00, 14, '/assets/img/menus/menu_57.jpeg', 0, 1, 0, 5, 0.00, 0, NULL, 1),
(58, 'ต้มยำกุ้งน้ำใส', 139.00, 14, '/assets/img/menus/menu_58.jpeg', 0, 1, 0, 5, 0.00, 0, NULL, 1),
(59, 'ต้มยำทะเลน้ำข้น', 139.00, 14, '/assets/img/menus/menu_59.jpeg', 0, 1, 0, 5, 0.00, 0, NULL, 1),
(60, 'ต้มยำทะเลน้ำใส', 139.00, 14, '/assets/img/menus/menu_60.jpeg', 0, 1, 0, 5, 0.00, 0, NULL, 1),
(61, 'ไส้ตันลวกจิ้ม', 89.00, 15, '/assets/img/menus/menu_61.jpeg', 0, 1, 0, 5, 0.00, 0, NULL, 1),
(62, 'คะน้าน้ำมันหอย', 59.00, 18, '/assets/img/menus/menu_62.jpeg', 0, 1, 0, 5, 0.00, 0, NULL, 1),
(63, 'ผัดผักบุ้งไฟแดง', 59.00, 18, '/assets/img/menus/menu_63.jpeg', 0, 1, 0, 5, 0.00, 0, NULL, 1),
(64, 'กะหล่ำผัดน้ำปลา', 59.00, 18, '/assets/img/menus/menu_64.jpeg', 0, 1, 0, 5, 0.00, 0, NULL, 1),
(65, 'กระเพราไข่เยี่ยวม้า(กับแกล้ม)', 89.00, 18, '/assets/img/menus/menu_65.jpeg', 0, 1, 0, 5, 0.00, 0, NULL, 1),
(66, 'กระเพราหมูสับ (กับแกล้ม)', 79.00, 18, '/assets/img/menus/menu_66.jpeg', 0, 1, 0, 5, 0.00, 0, NULL, 1),
(67, 'กะเพราทะเลรวม (กับแกล้ม)', 129.00, 18, '/assets/img/menus/menu_67.jpeg', 0, 1, 0, 5, 0.00, 0, NULL, 1),
(69, 'แซลม่อนทอดสมุนไพร', 89.00, 9, '/assets/img/menus/menu_69.jpeg', 0, 1, 0, 5, 0.00, 0, NULL, 1),
(70, 'ไส้ตันชุปแป้งทอด', 89.00, 9, '/assets/img/menus/menu_70.jpeg', 0, 1, 0, 5, 0.00, 0, NULL, 1),
(71, 'ปลาทับทิมทอดกระเทียม', 159.00, 9, '/assets/img/menus/menu_71.jpeg', 0, 1, 0, 5, 0.00, 0, NULL, 1),
(72, 'ปลาทับทิมทอดน้ำปลา', 159.00, 9, '/assets/img/menus/menu_72.jpeg', 0, 1, 0, 5, 0.00, 0, NULL, 1),
(73, 'ปลาทับทิมทอดสมุนไพร', 159.00, 9, '/assets/img/menus/menu_73.jpeg', 0, 1, 0, 5, 0.00, 0, NULL, 1),
(74, 'ปลากระพงทอดน้ำปลา', 279.00, 9, '/assets/img/menus/menu_74.jpeg', 0, 1, 0, 5, 0.00, 0, NULL, 1),
(75, 'สามชั้นทอดน้ำปลา', 89.00, 9, '/assets/img/menus/menu_75.jpeg', 0, 1, 0, 5, 0.00, 0, NULL, 1),
(76, 'ตำปูปลาร้า', 49.00, 19, '/assets/img/menus/menu_76.jpeg', 0, 1, 0, 5, 0.00, 0, NULL, 1),
(77, 'ตำปูปลาร้าหมูยอ', 59.00, 19, '/assets/img/menus/menu_77.jpeg', 0, 1, 0, 5, 0.00, 0, NULL, 1),
(78, 'ตำปูปลาร้ากุ้งสด', 79.00, 19, '/assets/img/menus/menu_78.jpeg', 0, 1, 0, 5, 0.00, 0, NULL, 1),
(79, 'ตำปูปลาร้ากุ้งสุก', 79.00, 19, '/assets/img/menus/menu_79.jpeg', 0, 1, 0, 5, 0.00, 0, NULL, 1),
(80, 'ตำปูปลาร้าไข่เค็ม', 69.00, 19, '/assets/img/menus/menu_80.jpeg', 0, 1, 0, 5, 0.00, 0, NULL, 1),
(81, 'ตำไทย', 49.00, 19, '/assets/img/menus/menu_81.jpeg', 0, 1, 0, 5, 0.00, 0, NULL, 1),
(82, 'ตำไทยหมูยอ', 59.00, 19, '/assets/img/menus/menu_82.jpeg', 0, 1, 0, 5, 0.00, 0, NULL, 1),
(83, 'ตำไทยกุ้งสด', 79.00, 19, '/assets/img/menus/menu_83.jpeg', 0, 1, 0, 5, 0.00, 0, NULL, 1),
(84, 'ตำไทยกุ้งสุก', 79.00, 19, '/assets/img/menus/menu_84.jpeg', 0, 1, 0, 5, 0.00, 0, NULL, 1),
(85, 'ตำไทยไข่เค็ม', 69.00, 19, '/assets/img/menus/menu_85.jpeg', 0, 1, 0, 5, 0.00, 0, NULL, 1),
(86, 'ตำลาว', 49.00, 19, '/assets/img/menus/menu_86.jpeg', 0, 1, 0, 5, 0.00, 0, NULL, 1),
(90, 'ตำแตงปูปลาร้า', 49.00, 19, '/assets/img/menus/menu_90.jpeg', 0, 1, 0, 5, 0.00, 0, NULL, 1),
(91, 'ตำแตงปูปลาร้าหมูยอ', 59.00, 19, '/assets/img/menus/menu_91.jpeg', 0, 1, 0, 5, 0.00, 0, NULL, 1),
(92, 'ตำแตงปูปลาร้ากุ้งสด', 79.00, 19, '/assets/img/menus/menu_92.jpeg', 0, 1, 0, 5, 0.00, 0, NULL, 1),
(93, 'ตำแตงปูปลาร้ากุ้งสุก', 79.00, 19, '/assets/img/menus/menu_93.jpeg', 0, 1, 0, 5, 0.00, 0, NULL, 1),
(94, 'ตำแตงปูปลาร้าไข่เค็ม', 69.00, 19, '/assets/img/menus/menu_94.jpeg', 0, 1, 0, 5, 0.00, 0, NULL, 1),
(95, 'ตำแตงไทย', 49.00, 19, '/assets/img/menus/menu_95.jpeg', 0, 1, 0, 5, 0.00, 0, NULL, 1),
(96, 'ตำแตงไทยหมูยอ', 59.00, 19, '/assets/img/menus/menu_96.jpeg', 0, 1, 0, 5, 0.00, 0, NULL, 1),
(97, 'ตำแตงไทยกุ้งสด', 79.00, 19, '/assets/img/menus/menu_97.jpeg', 0, 1, 0, 5, 0.00, 0, NULL, 1),
(98, 'ตำแตงไทยกุ้งสุก', 79.00, 19, '/assets/img/menus/menu_98.jpeg', 0, 1, 0, 5, 0.00, 0, NULL, 1),
(99, 'ตำแตงไทยไข่เค็ม', 69.00, 19, '/assets/img/menus/menu_99.jpeg', 0, 1, 0, 5, 0.00, 0, NULL, 1),
(100, 'ตำทะเล', 79.00, 19, '/assets/img/menus/menu_100.jpeg', 0, 1, 0, 5, 0.00, 0, NULL, 1),
(101, 'โซดาสิงห์', 15.00, 16, '/assets/img/menus/menu_101.jpg', -155, 1, 0, 5, 0.00, 1, NULL, 1),
(102, 'สิงห์เลมอน', 25.00, 16, '/assets/img/menus/menu_102.jpg', 49, 1, 0, 5, 0.00, 1, NULL, 1),
(103, 'โซดาร็อค', 10.00, 16, '/assets/img/menus/menu_103.jpg', 100, 1, 0, 5, 0.00, 1, NULL, 1),
(104, 'น้ำเปล่าสิงห์ (เล็ก)', 15.00, 16, '/assets/img/menus/menu_104.jpg', 109, 1, 0, 5, 0.00, 1, NULL, 1),
(105, 'น้ำเปล่าสิงห์ (ใหญ่)', 30.00, 16, '/assets/img/menus/menu_105.jpg', 85, 1, 0, 5, 0.00, 1, NULL, 1),
(106, 'น้ำโค้ก (ใหญ่)', 40.00, 16, '/assets/img/menus/menu_106.jpg', 52, 1, 0, 5, 0.00, 1, NULL, 1),
(107, 'น้ำโค้ก (เล็ก)', 20.00, 16, '/assets/img/menus/menu_107.jpg', 100, 1, 0, 5, 0.00, 1, NULL, 1),
(108, 'เบียร์สิงห์ 3 ขวด ', 229.00, 8, '/assets/img/menus/menu_108.png', -24, 1, 0, 5, 0.00, 0, 44, 3),
(109, 'เบียร์ลีโอ 3 ขวด ', 219.00, 8, '/assets/img/menus/menu_109.png', -3, 1, 0, 5, 0.00, 0, 43, 3),
(110, 'ยำวุ้นเส้นหมูสับ', 79.00, 13, '/assets/img/menus/menu_110.jpg', 0, 1, 0, 5, 0.00, 0, NULL, 1),
(111, 'ยำหมูยอ', 79.00, 13, '/assets/img/menus/menu_111.jpg', 0, 1, 0, 5, 0.00, 0, NULL, 1),
(112, 'หมูมะนาว', 79.00, 15, '/assets/img/menus/menu_112.jpg', 0, 1, 0, 5, 0.00, 0, NULL, 1),
(113, 'ยำแมงกระพรุน', 79.00, 13, '/assets/img/menus/menu_113.jpg', 0, 1, 0, 5, 0.00, 0, NULL, 1),
(114, 'ยำไข่เยี่ยวม้า', 79.00, 13, '/assets/img/menus/menu_114.jpg', 0, 1, 0, 5, 0.00, 0, NULL, 1),
(115, 'ยำคะน้ากุ้งสด', 89.00, 13, '/assets/img/menus/menu_115.jpg', 0, 1, 0, 5, 0.00, 0, NULL, 1),
(117, 'ยำไส้ตัน', 89.00, 13, '/assets/img/menus/menu_117.jpg', 0, 1, 0, 5, 0.00, 0, NULL, 1),
(118, 'ยำแซลม่อน', 99.00, 13, '/assets/img/menus/menu_118.jpg', 0, 1, 0, 5, 0.00, 0, NULL, 1),
(119, 'ยำสาหร่าย', 59.00, 13, '/assets/img/menus/menu_119.jpg', 0, 1, 0, 5, 0.00, 0, NULL, 1),
(120, 'รีเจนซี่ (แบน)', 450.00, 8, '/assets/img/menus/menu_120.jpg', 81, 1, 0, 5, 0.00, 1, NULL, 1),
(121, 'เฟรนฟราย', 79.00, 9, '/assets/img/menus/menu_121.jpg', 0, 1, 0, 5, 0.00, 0, NULL, 1),
(122, 'หมูจุ่ม', 159.00, 17, '/assets/img/menus/menu_122.jpg', 0, 1, 0, 5, 0.00, 0, NULL, 1),
(123, 'ช้างโคบู', 70.00, 8, '/assets/img/menus/menu_123.jpg', 0, 1, 0, 5, 0.00, 1, NULL, 1),
(124, 'ช้างโคบู โปร 3 ขวด', 199.00, 8, '/assets/img/menus/menu_124.jpg', -3, 1, 0, 5, 0.00, 0, 123, 3),
(125, 'สิงห์ รีเสริฟ', 80.00, 8, '/assets/img/menus/menu_125.jpg', -6, 1, 0, 5, 0.00, 1, NULL, 1),
(126, 'สิงห์ รีเสริฟโปร 3 ขวด', 229.00, 8, '/assets/img/menus/menu_126.jpg', -1, 1, 0, 5, 0.00, 0, 125, 3),
(127, 'หงษ์ กลม', 320.00, 8, '/assets/img/menus/menu_127.jpg', 0, 1, 0, 5, 0.00, 1, NULL, 1),
(128, 'หงษ์ แบน', 180.00, 8, '/assets/img/menus/menu_128.jpg', 0, 1, 0, 5, 0.00, 1, NULL, 1),
(129, 'ข้าวผัดหมู', 59.00, 10, '/assets/img/menus/menu_129.jpg', 0, 1, 0, 5, 0.00, 0, NULL, 1),
(130, 'ข้าวผัดหมู (ใหญ่)', 129.00, 10, '/assets/img/menus/menu_130.jpg', 0, 1, 0, 5, 0.00, 0, NULL, 1),
(131, 'ถั่วแระ', 49.00, 15, '/assets/img/menus/menu_131.jpg', 0, 1, 0, 5, 0.00, 0, NULL, 1),
(132, 'ถั่วทอด', 49.00, 15, '/assets/img/menus/menu_132.jpg', 0, 1, 0, 5, 0.00, 0, NULL, 1),
(133, 'ปูอัดวาซาบิ', 59.00, 15, '/assets/img/menus/menu_133.jpg', 0, 1, 0, 5, 0.00, 0, NULL, 1),
(134, 'นักเก็ตไก่', 69.00, 9, '/assets/img/menus/menu_134.jpg', 0, 1, 0, 5, 0.00, 0, NULL, 1),
(135, 'เม็ดมะม่วง', 69.00, 15, '/assets/img/menus/menu_135.jpg', 0, 1, 0, 5, 0.00, 0, NULL, 1),
(136, 'เอ็นไก่คั่วพริกเกลือ', 89.00, 15, '/assets/img/menus/menu_136.jpg', 0, 1, 0, 5, 0.00, 0, NULL, 1),
(137, 'กุ้งคั่วพริกเกลือ', 89.00, 15, '/assets/img/menus/menu_137.jpg', 0, 1, 0, 5, 0.00, 0, NULL, 1),
(138, 'ท้องปลาแซลม่อนคั่วพริกเกลือ', 89.00, 15, '/assets/img/menus/menu_138.jpg', 0, 1, 0, 5, 0.00, 0, NULL, 1),
(139, 'ยำแหนม', 79.00, 13, '/assets/img/menus/menu_139.jpg', 0, 1, 0, 5, 0.00, 0, NULL, 1),
(140, 'คะน้าน้ำมันหอย', 59.00, 15, '/assets/img/menus/menu_140.jpg', 0, 1, 0, 5, 0.00, 0, NULL, 1),
(141, 'กะเพราไข่เยี่ยวม้า', 89.00, 15, '/assets/img/menus/menu_141.jpg', 0, 1, 0, 5, 0.00, 0, NULL, 1),
(142, 'ข้าวกะเพราไข่เยี่ยวม้า', 69.00, 10, '/assets/img/menus/menu_142.jpg', 0, 1, 0, 5, 0.00, 0, NULL, 1),
(143, 'ข้าวกะเพราทะเล', 69.00, 10, '/assets/img/menus/menu_143.jpg', 0, 1, 0, 5, 0.00, 0, NULL, 1),
(144, 'ข้าวหมูกระเทียม', 59.00, 10, '/assets/img/menus/menu_144.jpg', 0, 1, 0, 5, 0.00, 0, NULL, 1),
(145, 'ไข่ดาว ', 10.00, 10, '/assets/img/menus/menu_145.jpg', 0, 1, 0, 5, 0.00, 0, NULL, 1),
(146, 'ไข่เจียว', 10.00, 10, '/assets/img/menus/menu_146.jpg', 0, 1, 0, 5, 0.00, 0, NULL, 1),
(147, 'แซลม่อนซาชิมิ', 99.00, 15, '/assets/img/menus/menu_147.jpg', 0, 1, 0, 5, 0.00, 0, NULL, 1),
(148, 'ชุดผัก', 59.00, 17, '/assets/img/menus/menu_148.jpg', 0, 1, 0, 5, 0.00, 0, NULL, 1),
(149, 'พล่าแซลม่อน', 89.00, 15, '/assets/img/menus/menu_149.jpg', 0, 1, 0, 5, 0.00, 0, NULL, 1),
(150, 'ปลาทอดสมุนไพร', 159.00, 9, '/assets/img/menus/menu_150.jpg', 0, 1, 0, 5, 0.00, 0, NULL, 1),
(151, 'ปลาทอดกระเทียม', 159.00, 9, '/assets/img/menus/menu_151.jpg', 0, 1, 1, 5, 0.00, 0, NULL, 1),
(152, 'พล่าเอ็นไก่ทอด', 79.00, 13, '/assets/img/menus/menu_152.jpg', 0, 1, 0, 5, 0.00, 0, NULL, 1),
(153, 'ยำเม็ดมะม่วง', 79.00, 13, '/assets/img/menus/menu_153.jpg', 0, 1, 0, 5, 0.00, 0, NULL, 1),
(154, 'สิงห์ โปร 5', 350.00, 8, '/assets/img/menus/menu_154.jpg', -2, 1, 0, 5, 0.00, 0, 44, 5),
(155, 'ข้าวต้ม', 79.00, 10, '/assets/img/menus/menu_155.jpg', 0, 1, 0, 5, 0.00, 0, NULL, 1);

-- --------------------------------------------------------

--
-- Table structure for table `table_log_cus`
--

CREATE TABLE `table_log_cus` (
  `log_cus_id` int(11) NOT NULL,
  `table_number` varchar(50) DEFAULT NULL,
  `menu_id` int(11) DEFAULT NULL,
  `quantity` int(11) NOT NULL,
  `order_time` timestamp NOT NULL DEFAULT current_timestamp(),
  `status` varchar(50) DEFAULT 'pending',
  `sum_order_id` int(11) DEFAULT NULL,
  `price_at_time` decimal(10,2) DEFAULT 0.00
) ENGINE=InnoDB DEFAULT CHARSET=utf8mb4 COLLATE=utf8mb4_general_ci;

--
-- Dumping data for table `table_log_cus`
--

INSERT INTO `table_log_cus` (`log_cus_id`, `table_number`, `menu_id`, `quantity`, `order_time`, `status`, `sum_order_id`, `price_at_time`) VALUES
(1, 'T7', 21, 1, '2026-05-18 12:04:54', 'pending', 70, 99.00),
(2, 'T7', 20, 1, '2026-05-18 12:04:54', 'pending', 70, 350.00),
(3, 'T7', 19, 1, '2026-05-18 12:04:54', 'pending', 70, 89.00),
(4, 'Ex1', 20, 1, '2026-05-18 12:05:34', 'pending', 71, 350.00),
(5, 'Ex1', 21, 1, '2026-05-18 12:05:34', 'pending', 71, 99.00),
(6, 'Ex1', 19, 1, '2026-05-18 12:05:34', 'pending', 71, 89.00),
(7, 'Ex8', 20, 3, '2026-05-18 12:08:43', 'pending', 72, 350.00),
(8, 'Ex8', 19, 3, '2026-05-18 12:08:43', 'pending', 72, 89.00),
(9, 'T1', 21, 2, '2026-05-18 12:34:11', 'pending', 73, 99.00),
(10, 'T1', 20, 2, '2026-05-18 12:34:11', 'pending', 73, 350.00),
(11, 'T1', 19, 2, '2026-05-18 12:34:11', 'pending', 73, 89.00),
(12, 'T8', 31, 4, '2026-05-20 19:16:36', 'pending', 74, 79.00),
(13, 'T8', 48, 2, '2026-05-20 19:16:36', 'pending', 74, 10.00),
(14, 'T8', 45, 2, '2026-05-20 19:16:36', 'pending', 74, 185.00),
(15, 'T3', 99, 3, '2026-06-06 04:42:01', 'pending', 83, 69.00),
(16, 'T3', 100, 3, '2026-06-06 04:42:01', 'pending', 83, 79.00),
(17, 'T17', 99, 2, '2026-06-07 12:47:58', 'pending', 94, 69.00),
(18, 'B31', 99, 2, '2026-06-07 13:01:32', 'pending', 95, 69.00),
(19, 'B31', 98, 2, '2026-06-07 13:01:32', 'pending', 95, 79.00),
(20, 'B30', 99, 1, '2026-06-14 11:52:14', 'pending', 99, 69.00),
(21, 'B30', 98, 1, '2026-06-14 11:52:14', 'pending', 99, 79.00),
(22, 'B30', 97, 1, '2026-06-14 11:52:14', 'pending', 99, 79.00),
(23, 'B30', 92, 1, '2026-06-14 11:52:14', 'pending', 99, 79.00),
(24, 'B30', 93, 1, '2026-06-14 11:52:14', 'pending', 99, 79.00),
(25, 'B30', 90, 1, '2026-06-14 11:52:48', 'pending', 99, 49.00),
(26, 'B30', 86, 1, '2026-06-14 11:52:48', 'pending', 99, 49.00),
(27, 'B30', 85, 1, '2026-06-14 11:52:48', 'pending', 99, 69.00),
(28, 'B30', 20, 3, '2026-06-14 11:52:48', 'pending', 99, 350.00),
(29, 'T10', 100, 1, '2026-06-14 11:56:19', 'pending', 100, 79.00),
(30, 'T10', 99, 1, '2026-06-14 11:56:19', 'pending', 100, 69.00),
(31, 'T1', 100, 1, '2026-06-16 12:57:46', 'pending', 98, 79.00),
(32, 'T1', 45, 1, '2026-06-16 12:57:46', 'pending', 98, 185.00),
(33, 'T1', 100, 1, '2026-06-16 12:57:46', 'pending', 98, 79.00),
(34, 'T1', 45, 1, '2026-06-16 12:57:46', 'pending', 98, 185.00),
(35, 'T18', 99, 1, '2026-06-16 12:59:48', 'pending', 102, 69.00),
(36, 'T18', 98, 2, '2026-06-16 12:59:48', 'pending', 102, 79.00),
(37, 'T18', 97, 1, '2026-06-16 12:59:48', 'pending', 102, 79.00),
(38, 'T18', 43, 2, '2026-06-16 12:59:48', 'pending', 102, 70.00),
(39, 'T5', 23, 1, '2026-06-16 13:26:12', 'pending', 103, 199.00),
(40, 'T5', 24, 1, '2026-06-16 13:26:37', 'pending', 103, 59.00),
(41, 'T1', 79, 1, '2026-06-17 10:34:53', 'pending', 104, 79.00),
(42, 'T1', 78, 1, '2026-06-17 10:34:53', 'pending', 104, 79.00),
(43, 'T1', 77, 1, '2026-06-17 10:34:53', 'pending', 104, 59.00),
(44, 'T1', 23, 1, '2026-06-17 10:35:03', 'pending', 104, 199.00),
(45, 'T1', 20, 1, '2026-06-17 10:35:03', 'pending', 104, 350.00),
(46, 'T2', 98, 1, '2026-06-17 10:37:11', 'pending', 105, 79.00),
(47, 'T2', 97, 2, '2026-06-17 10:37:11', 'pending', 105, 79.00),
(48, 'T2', 85, 1, '2026-06-17 10:38:07', 'pending', 105, 69.00),
(49, 'T2', 85, 1, '2026-06-17 10:38:49', 'pending', 105, 69.00),
(50, 'T2', 99, 1, '2026-06-17 10:39:27', 'pending', 105, 69.00),
(51, 'T16', 108, 1, '2026-06-17 10:46:46', 'pending', 106, 229.00),
(52, 'T16', 45, 1, '2026-06-17 10:46:46', 'pending', 106, 185.00),
(53, 'T16', 106, 1, '2026-06-17 10:46:46', 'pending', 106, 40.00),
(54, 'T16', 105, 1, '2026-06-17 10:46:46', 'pending', 106, 30.00),
(55, 'T16', 47, 1, '2026-06-17 10:46:46', 'pending', 106, 15.00),
(56, 'T1', 109, 1, '2026-06-17 10:48:06', 'pending', 107, 219.00),
(57, 'T1', 108, 1, '2026-06-17 10:48:06', 'pending', 107, 229.00),
(58, 'T1', 45, 1, '2026-06-17 10:48:06', 'pending', 107, 185.00),
(59, 'T16', 19, 1, '2026-06-17 10:53:10', 'pending', 106, 89.00),
(60, 'T16', 37, 1, '2026-06-17 10:53:10', 'pending', 106, 89.00),
(61, 'T16', 31, 1, '2026-06-17 10:53:10', 'pending', 106, 89.00),
(62, 'T16', 39, 1, '2026-06-17 10:53:26', 'pending', 106, 89.00),
(63, 'T16', 40, 1, '2026-06-17 10:53:26', 'pending', 106, 49.00),
(64, 'T1', 109, 1, '2026-06-17 10:53:33', 'pending', 108, 219.00),
(65, 'T1', 108, 1, '2026-06-17 10:53:33', 'pending', 108, 229.00),
(66, 'T9', 105, 1, '2026-06-17 11:14:22', 'pending', 111, 30.00),
(67, 'T9', 101, 1, '2026-06-17 11:14:22', 'pending', 111, 15.00),
(68, 'T9', 48, 1, '2026-06-17 11:14:22', 'pending', 111, 10.00),
(69, 'T1', 50, 1, '2026-06-17 11:14:28', 'pending', 110, 169.00),
(70, 'T1', 47, 1, '2026-06-17 11:14:28', 'pending', 110, 15.00),
(71, 'T1', 106, 1, '2026-06-17 11:14:28', 'pending', 110, 40.00),
(72, 'T1', 44, 1, '2026-06-17 11:15:42', 'pending', 110, 80.00),
(73, 'T9', 25, 1, '2026-06-17 11:16:08', 'pending', 111, 89.00),
(74, 'T1', 120, 1, '2026-06-17 11:17:27', 'pending', 110, 450.00),
(75, 'T9', 34, 1, '2026-06-17 11:18:22', 'pending', 111, 79.00),
(76, 'T9', 62, 1, '2026-06-17 11:18:22', 'pending', 111, 59.00),
(77, 'T9', 120, 1, '2026-06-17 11:20:05', 'pending', 111, 450.00),
(78, 'T16', 47, 1, '2026-06-17 11:25:30', 'pending', 106, 15.00),
(79, 'T16', 32, 1, '2026-06-17 11:27:30', 'pending', 106, 89.00),
(80, 'T10', 47, 1, '2026-06-17 11:29:28', 'pending', 112, 15.00),
(81, 'T10', 120, 1, '2026-06-17 11:29:28', 'pending', 112, 450.00),
(82, 'T10', 101, 2, '2026-06-17 11:29:28', 'pending', 112, 15.00),
(83, 'T10', 108, 1, '2026-06-17 11:29:28', 'pending', 112, 229.00),
(84, 'T1', 34, 1, '2026-06-17 11:31:04', 'pending', 110, 79.00),
(85, 'T10', 41, 1, '2026-06-17 11:35:16', 'pending', 112, 79.00),
(86, 'T10', 22, 1, '2026-06-17 11:35:16', 'pending', 112, 99.00),
(87, 'T10', 104, 1, '2026-06-17 11:48:56', 'pending', 112, 15.00),
(88, 'T4', 109, 1, '2026-06-17 11:56:34', 'pending', 113, 219.00),
(89, 'T4', 47, 1, '2026-06-17 11:56:34', 'pending', 113, 15.00),
(90, 'T4', 109, 1, '2026-06-17 11:56:40', 'pending', 113, 219.00),
(91, 'T4', 47, 1, '2026-06-17 11:56:40', 'pending', 113, 15.00),
(92, 'T4', 109, 1, '2026-06-17 11:56:40', 'pending', 113, 219.00),
(93, 'T4', 47, 1, '2026-06-17 11:56:40', 'pending', 113, 15.00),
(94, 'T10', 48, 1, '2026-06-17 11:59:01', 'pending', 112, 10.00),
(95, 'T4', 50, 1, '2026-06-17 11:59:11', 'pending', 113, 169.00),
(96, 'T4', 50, 1, '2026-06-17 11:59:15', 'pending', 113, 169.00),
(97, 'T19', 19, 1, '2026-06-17 12:01:25', 'pending', 114, 89.00),
(98, 'T19', 27, 1, '2026-06-17 12:01:25', 'pending', 114, 79.00),
(99, 'T19', 104, 1, '2026-06-17 12:01:25', 'pending', 114, 15.00),
(100, 'T19', 40, 1, '2026-06-17 12:01:57', 'pending', 114, 49.00),
(101, 'T19', 48, 1, '2026-06-17 12:03:17', 'pending', 114, 10.00),
(102, 'T19', 23, 1, '2026-06-17 12:04:45', 'pending', 114, 199.00),
(103, 'T9', 48, 1, '2026-06-17 12:05:29', 'pending', 111, 10.00),
(104, 'T9', 101, 1, '2026-06-17 12:05:29', 'pending', 111, 15.00),
(105, 'T10', 21, 1, '2026-06-17 12:06:03', 'pending', 112, 99.00),
(106, 'T3', 108, 1, '2026-06-17 12:08:14', 'pending', 115, 229.00),
(107, 'T3', 50, 1, '2026-06-17 12:08:14', 'pending', 115, 169.00),
(108, 'T3', 47, 1, '2026-06-17 12:08:37', 'pending', 115, 15.00),
(109, 'T22', 42, 1, '2026-06-17 12:10:35', 'pending', 117, 70.00),
(110, 'T22', 48, 1, '2026-06-17 12:12:10', 'pending', 117, 30.00),
(111, 'T22', 76, 1, '2026-06-17 12:12:10', 'pending', 117, 49.00),
(112, 'T22', 37, 1, '2026-06-17 12:12:42', 'pending', 117, 89.00),
(113, 'T22', 108, 2, '2026-06-17 12:13:20', 'pending', 117, 229.00),
(114, 'T22', 106, 1, '2026-06-17 12:15:36', 'pending', 117, 40.00),
(115, 'T10', 101, 2, '2026-06-17 12:16:06', 'pending', 112, 15.00),
(116, 'T22', 105, 1, '2026-06-17 12:16:09', 'pending', 117, 30.00),
(117, 'T16', 121, 1, '2026-06-17 12:18:34', 'pending', 106, 79.00),
(118, 'T5', 45, 1, '2026-06-17 12:21:10', 'pending', 118, 185.00),
(119, 'T5', 101, 3, '2026-06-17 12:21:10', 'pending', 118, 15.00),
(120, 'T5', 106, 1, '2026-06-17 12:21:10', 'pending', 118, 40.00),
(121, 'T5', 50, 1, '2026-06-17 12:21:10', 'pending', 118, 169.00),
(122, 'T5', 47, 1, '2026-06-17 12:21:10', 'pending', 118, 15.00),
(123, 'T5', 45, 1, '2026-06-17 12:21:10', 'pending', 118, 185.00),
(124, 'T5', 101, 3, '2026-06-17 12:21:10', 'pending', 118, 15.00),
(125, 'T5', 106, 1, '2026-06-17 12:21:10', 'pending', 118, 40.00),
(126, 'T5', 50, 1, '2026-06-17 12:21:10', 'pending', 118, 169.00),
(127, 'T5', 47, 1, '2026-06-17 12:21:10', 'pending', 118, 15.00),
(128, 'T5', 45, 1, '2026-06-17 12:21:10', 'pending', 118, 185.00),
(129, 'T5', 101, 3, '2026-06-17 12:21:10', 'pending', 118, 15.00),
(130, 'T5', 106, 1, '2026-06-17 12:21:10', 'pending', 118, 40.00),
(131, 'T5', 50, 1, '2026-06-17 12:21:10', 'pending', 118, 169.00),
(132, 'T5', 47, 1, '2026-06-17 12:21:10', 'pending', 118, 15.00),
(133, 'T5', 45, 1, '2026-06-17 12:21:10', 'pending', 118, 185.00),
(134, 'T5', 101, 3, '2026-06-17 12:21:10', 'pending', 118, 15.00),
(135, 'T5', 106, 1, '2026-06-17 12:21:10', 'pending', 118, 40.00),
(136, 'T5', 50, 1, '2026-06-17 12:21:10', 'pending', 118, 169.00),
(137, 'T5', 47, 1, '2026-06-17 12:21:10', 'pending', 118, 15.00),
(138, 'T5', 45, 1, '2026-06-17 12:21:10', 'pending', 118, 185.00),
(139, 'T5', 101, 3, '2026-06-17 12:21:10', 'pending', 118, 15.00),
(140, 'T5', 106, 1, '2026-06-17 12:21:11', 'pending', 118, 40.00),
(141, 'T5', 50, 1, '2026-06-17 12:21:11', 'pending', 118, 169.00),
(142, 'T5', 47, 1, '2026-06-17 12:21:11', 'pending', 118, 15.00),
(143, 'T5', 45, 1, '2026-06-17 12:21:11', 'pending', 118, 185.00),
(144, 'T5', 101, 3, '2026-06-17 12:21:11', 'pending', 118, 15.00),
(145, 'T5', 106, 1, '2026-06-17 12:21:11', 'pending', 118, 40.00),
(146, 'T5', 50, 1, '2026-06-17 12:21:11', 'pending', 118, 169.00),
(147, 'T5', 47, 1, '2026-06-17 12:21:11', 'pending', 118, 15.00),
(148, 'T5', 45, 1, '2026-06-17 12:21:11', 'pending', 118, 185.00),
(149, 'T5', 101, 3, '2026-06-17 12:21:11', 'pending', 118, 15.00),
(150, 'T5', 106, 1, '2026-06-17 12:21:11', 'pending', 118, 40.00),
(151, 'T5', 50, 1, '2026-06-17 12:21:11', 'pending', 118, 169.00),
(152, 'T5', 47, 1, '2026-06-17 12:21:11', 'pending', 118, 15.00),
(153, 'T5', 45, 1, '2026-06-17 12:21:11', 'pending', 118, 185.00),
(154, 'T5', 101, 3, '2026-06-17 12:21:11', 'pending', 118, 15.00),
(155, 'T5', 106, 1, '2026-06-17 12:21:11', 'pending', 118, 40.00),
(156, 'T5', 50, 1, '2026-06-17 12:21:11', 'pending', 118, 169.00),
(157, 'T5', 47, 1, '2026-06-17 12:21:11', 'pending', 118, 15.00),
(158, 'T5', 45, 1, '2026-06-17 12:21:11', 'pending', 118, 185.00),
(159, 'T5', 101, 2, '2026-06-17 12:21:11', 'pending', 118, 15.00),
(160, 'T5', 106, 1, '2026-06-17 12:21:11', 'pending', 118, 40.00),
(161, 'T5', 50, 1, '2026-06-17 12:21:11', 'pending', 118, 169.00),
(162, 'T5', 47, 1, '2026-06-17 12:21:11', 'pending', 118, 15.00),
(163, 'T5', 45, 1, '2026-06-17 12:21:11', 'pending', 118, 185.00),
(164, 'T5', 101, 3, '2026-06-17 12:21:11', 'pending', 118, 15.00),
(165, 'T5', 106, 1, '2026-06-17 12:21:11', 'pending', 118, 40.00),
(166, 'T5', 50, 1, '2026-06-17 12:21:11', 'pending', 118, 169.00),
(167, 'T5', 47, 1, '2026-06-17 12:21:11', 'pending', 118, 15.00),
(168, 'T5', 45, 1, '2026-06-17 12:21:11', 'pending', 118, 185.00),
(169, 'T5', 101, 3, '2026-06-17 12:21:11', 'pending', 118, 15.00),
(170, 'T5', 106, 1, '2026-06-17 12:21:11', 'pending', 118, 40.00),
(171, 'T5', 50, 1, '2026-06-17 12:21:11', 'pending', 118, 169.00),
(172, 'T5', 47, 1, '2026-06-17 12:21:11', 'pending', 118, 15.00),
(173, 'T5', 45, 1, '2026-06-17 12:21:11', 'pending', 118, 185.00),
(174, 'T5', 101, 3, '2026-06-17 12:21:11', 'pending', 118, 15.00),
(175, 'T5', 106, 1, '2026-06-17 12:21:11', 'pending', 118, 40.00),
(176, 'T5', 50, 1, '2026-06-17 12:21:11', 'pending', 118, 169.00),
(177, 'T5', 47, 1, '2026-06-17 12:21:11', 'pending', 118, 15.00),
(178, 'T5', 45, 1, '2026-06-17 12:21:11', 'pending', 118, 185.00),
(179, 'T5', 101, 3, '2026-06-17 12:21:11', 'pending', 118, 15.00),
(180, 'T5', 106, 1, '2026-06-17 12:21:11', 'pending', 118, 40.00),
(181, 'T5', 50, 1, '2026-06-17 12:21:11', 'pending', 118, 169.00),
(182, 'T5', 47, 1, '2026-06-17 12:21:11', 'pending', 118, 15.00),
(183, 'T5', 45, 1, '2026-06-17 12:21:11', 'pending', 118, 185.00),
(184, 'T5', 101, 3, '2026-06-17 12:21:11', 'pending', 118, 15.00),
(185, 'T5', 106, 1, '2026-06-17 12:21:11', 'pending', 118, 40.00),
(186, 'T5', 50, 1, '2026-06-17 12:21:11', 'pending', 118, 169.00),
(187, 'T5', 47, 1, '2026-06-17 12:21:11', 'pending', 118, 15.00),
(188, 'T5', 45, 1, '2026-06-17 12:21:11', 'pending', 118, 185.00),
(189, 'T5', 101, 3, '2026-06-17 12:21:11', 'pending', 118, 15.00),
(190, 'T5', 106, 1, '2026-06-17 12:21:11', 'pending', 118, 40.00),
(191, 'T5', 50, 1, '2026-06-17 12:21:11', 'pending', 118, 169.00),
(192, 'T5', 47, 1, '2026-06-17 12:21:11', 'pending', 118, 15.00),
(193, 'T5', 45, 1, '2026-06-17 12:21:11', 'pending', 118, 185.00),
(194, 'T5', 101, 3, '2026-06-17 12:21:11', 'pending', 118, 15.00),
(195, 'T5', 106, 1, '2026-06-17 12:21:11', 'pending', 118, 40.00),
(196, 'T5', 50, 1, '2026-06-17 12:21:11', 'pending', 118, 169.00),
(197, 'T5', 47, 1, '2026-06-17 12:21:11', 'pending', 118, 15.00),
(198, 'T5', 45, 1, '2026-06-17 12:21:11', 'pending', 118, 185.00),
(199, 'T5', 101, 3, '2026-06-17 12:21:11', 'pending', 118, 15.00),
(200, 'T5', 106, 1, '2026-06-17 12:21:11', 'pending', 118, 40.00),
(201, 'T5', 50, 1, '2026-06-17 12:21:11', 'pending', 118, 169.00),
(202, 'T5', 47, 1, '2026-06-17 12:21:11', 'pending', 118, 15.00),
(203, 'T5', 45, 1, '2026-06-17 12:21:11', 'pending', 118, 185.00),
(204, 'T5', 101, 3, '2026-06-17 12:21:11', 'pending', 118, 15.00),
(205, 'T5', 106, 1, '2026-06-17 12:21:11', 'pending', 118, 40.00),
(206, 'T5', 50, 1, '2026-06-17 12:21:11', 'pending', 118, 169.00),
(207, 'T5', 47, 1, '2026-06-17 12:21:11', 'pending', 118, 15.00),
(208, 'T5', 45, 1, '2026-06-17 12:21:12', 'pending', 118, 185.00),
(209, 'T5', 101, 3, '2026-06-17 12:21:12', 'pending', 118, 15.00),
(210, 'T5', 106, 1, '2026-06-17 12:21:12', 'pending', 118, 40.00),
(211, 'T5', 50, 1, '2026-06-17 12:21:12', 'pending', 118, 169.00),
(212, 'T5', 47, 1, '2026-06-17 12:21:12', 'pending', 118, 15.00),
(213, 'T5', 45, 1, '2026-06-17 12:21:12', 'pending', 118, 185.00),
(214, 'T5', 101, 3, '2026-06-17 12:21:12', 'pending', 118, 15.00),
(215, 'T5', 106, 1, '2026-06-17 12:21:12', 'pending', 118, 40.00),
(216, 'T5', 50, 1, '2026-06-17 12:21:12', 'pending', 118, 169.00),
(217, 'T5', 47, 1, '2026-06-17 12:21:12', 'pending', 118, 15.00),
(218, 'T5', 45, 1, '2026-06-17 12:21:12', 'pending', 118, 185.00),
(219, 'T5', 101, 3, '2026-06-17 12:21:12', 'pending', 118, 15.00),
(220, 'T5', 106, 1, '2026-06-17 12:21:12', 'pending', 118, 40.00),
(221, 'T5', 50, 1, '2026-06-17 12:21:12', 'pending', 118, 169.00),
(222, 'T5', 47, 1, '2026-06-17 12:21:12', 'pending', 118, 15.00),
(223, 'T5', 45, 1, '2026-06-17 12:21:12', 'pending', 118, 185.00),
(224, 'T5', 101, 3, '2026-06-17 12:21:12', 'pending', 118, 15.00),
(225, 'T5', 106, 1, '2026-06-17 12:21:12', 'pending', 118, 40.00),
(226, 'T5', 50, 1, '2026-06-17 12:21:12', 'pending', 118, 169.00),
(227, 'T5', 47, 1, '2026-06-17 12:21:12', 'pending', 118, 15.00),
(228, 'T5', 45, 1, '2026-06-17 12:21:12', 'pending', 118, 185.00),
(229, 'T5', 101, 3, '2026-06-17 12:21:12', 'pending', 118, 15.00),
(230, 'T5', 106, 1, '2026-06-17 12:21:12', 'pending', 118, 40.00),
(231, 'T5', 50, 1, '2026-06-17 12:21:12', 'pending', 118, 169.00),
(232, 'T5', 47, 1, '2026-06-17 12:21:12', 'pending', 118, 15.00),
(233, 'T5', 45, 1, '2026-06-17 12:21:12', 'pending', 118, 185.00),
(234, 'T5', 101, 3, '2026-06-17 12:21:12', 'pending', 118, 15.00),
(235, 'T5', 106, 1, '2026-06-17 12:21:12', 'pending', 118, 40.00),
(236, 'T5', 50, 1, '2026-06-17 12:21:12', 'pending', 118, 169.00),
(237, 'T5', 47, 1, '2026-06-17 12:21:12', 'pending', 118, 15.00),
(238, 'T5', 45, 1, '2026-06-17 12:21:12', 'pending', 118, 185.00),
(239, 'T5', 101, 3, '2026-06-17 12:21:12', 'pending', 118, 15.00),
(240, 'T5', 106, 1, '2026-06-17 12:21:12', 'pending', 118, 40.00),
(241, 'T5', 50, 1, '2026-06-17 12:21:12', 'pending', 118, 169.00),
(242, 'T5', 47, 1, '2026-06-17 12:21:12', 'pending', 118, 15.00),
(243, 'T5', 45, 1, '2026-06-17 12:21:12', 'pending', 118, 185.00),
(244, 'T5', 101, 3, '2026-06-17 12:21:12', 'pending', 118, 15.00),
(245, 'T5', 106, 1, '2026-06-17 12:21:12', 'pending', 118, 40.00),
(246, 'T5', 50, 1, '2026-06-17 12:21:12', 'pending', 118, 169.00),
(247, 'T5', 47, 1, '2026-06-17 12:21:12', 'pending', 118, 15.00),
(248, 'T5', 45, 1, '2026-06-17 12:21:12', 'pending', 118, 185.00),
(249, 'T5', 101, 3, '2026-06-17 12:21:12', 'pending', 118, 15.00),
(250, 'T5', 106, 1, '2026-06-17 12:21:12', 'pending', 118, 40.00),
(251, 'T5', 50, 1, '2026-06-17 12:21:12', 'pending', 118, 169.00),
(252, 'T5', 47, 1, '2026-06-17 12:21:12', 'pending', 118, 15.00),
(253, 'T5', 45, 1, '2026-06-17 12:21:12', 'pending', 118, 185.00),
(254, 'T5', 101, 3, '2026-06-17 12:21:12', 'pending', 118, 15.00),
(255, 'T5', 106, 1, '2026-06-17 12:21:12', 'pending', 118, 40.00),
(256, 'T5', 50, 1, '2026-06-17 12:21:12', 'pending', 118, 169.00),
(257, 'T5', 47, 1, '2026-06-17 12:21:12', 'pending', 118, 15.00),
(258, 'T5', 45, 1, '2026-06-17 12:21:12', 'pending', 118, 185.00),
(259, 'T5', 101, 3, '2026-06-17 12:21:12', 'pending', 118, 15.00),
(260, 'T5', 106, 1, '2026-06-17 12:21:12', 'pending', 118, 40.00),
(261, 'T5', 50, 1, '2026-06-17 12:21:12', 'pending', 118, 169.00),
(262, 'T5', 47, 1, '2026-06-17 12:21:12', 'pending', 118, 15.00),
(263, 'T5', 45, 1, '2026-06-17 12:21:12', 'pending', 118, 185.00),
(264, 'T5', 101, 3, '2026-06-17 12:21:12', 'pending', 118, 15.00),
(265, 'T5', 106, 1, '2026-06-17 12:21:12', 'pending', 118, 40.00),
(266, 'T5', 50, 1, '2026-06-17 12:21:12', 'pending', 118, 169.00),
(267, 'T5', 47, 1, '2026-06-17 12:21:12', 'pending', 118, 15.00),
(268, 'T5', 45, 1, '2026-06-17 12:21:12', 'pending', 118, 185.00),
(269, 'T5', 101, 3, '2026-06-17 12:21:12', 'pending', 118, 15.00),
(270, 'T5', 106, 1, '2026-06-17 12:21:12', 'pending', 118, 40.00),
(271, 'T5', 50, 1, '2026-06-17 12:21:12', 'pending', 118, 169.00),
(272, 'T5', 47, 1, '2026-06-17 12:21:12', 'pending', 118, 15.00),
(273, 'T5', 45, 1, '2026-06-17 12:21:12', 'pending', 118, 185.00),
(274, 'T5', 101, 3, '2026-06-17 12:21:12', 'pending', 118, 15.00),
(275, 'T5', 106, 1, '2026-06-17 12:21:12', 'pending', 118, 40.00),
(276, 'T5', 50, 1, '2026-06-17 12:21:12', 'pending', 118, 169.00),
(277, 'T5', 47, 1, '2026-06-17 12:21:12', 'pending', 118, 15.00),
(278, 'T5', 45, 1, '2026-06-17 12:21:12', 'pending', 118, 185.00),
(279, 'T5', 101, 3, '2026-06-17 12:21:12', 'pending', 118, 15.00),
(280, 'T5', 106, 1, '2026-06-17 12:21:12', 'pending', 118, 40.00),
(281, 'T5', 50, 1, '2026-06-17 12:21:12', 'pending', 118, 169.00),
(282, 'T5', 47, 1, '2026-06-17 12:21:12', 'pending', 118, 15.00),
(283, 'T5', 45, 1, '2026-06-17 12:21:12', 'pending', 118, 185.00),
(284, 'T5', 101, 3, '2026-06-17 12:21:12', 'pending', 118, 15.00),
(285, 'T5', 106, 1, '2026-06-17 12:21:12', 'pending', 118, 40.00),
(286, 'T5', 50, 1, '2026-06-17 12:21:12', 'pending', 118, 169.00),
(287, 'T5', 47, 1, '2026-06-17 12:21:12', 'pending', 118, 15.00),
(288, 'T5', 45, 1, '2026-06-17 12:21:12', 'pending', 118, 185.00),
(289, 'T5', 101, 3, '2026-06-17 12:21:12', 'pending', 118, 15.00),
(290, 'T5', 106, 1, '2026-06-17 12:21:12', 'pending', 118, 40.00),
(291, 'T5', 50, 1, '2026-06-17 12:21:12', 'pending', 118, 169.00),
(292, 'T5', 47, 1, '2026-06-17 12:21:12', 'pending', 118, 15.00),
(293, 'T5', 45, 1, '2026-06-17 12:21:12', 'pending', 118, 185.00),
(294, 'T5', 101, 3, '2026-06-17 12:21:12', 'pending', 118, 15.00),
(295, 'T5', 106, 1, '2026-06-17 12:21:12', 'pending', 118, 40.00),
(296, 'T5', 50, 1, '2026-06-17 12:21:12', 'pending', 118, 169.00),
(297, 'T5', 47, 1, '2026-06-17 12:21:12', 'pending', 118, 15.00),
(298, 'T5', 45, 1, '2026-06-17 12:21:12', 'pending', 118, 185.00),
(299, 'T5', 101, 3, '2026-06-17 12:21:12', 'pending', 118, 15.00),
(300, 'T5', 106, 1, '2026-06-17 12:21:12', 'pending', 118, 40.00),
(301, 'T5', 50, 1, '2026-06-17 12:21:12', 'pending', 118, 169.00),
(302, 'T5', 47, 1, '2026-06-17 12:21:12', 'pending', 118, 15.00),
(303, 'T5', 45, 1, '2026-06-17 12:21:12', 'pending', 118, 185.00),
(304, 'T5', 101, 3, '2026-06-17 12:21:12', 'pending', 118, 15.00),
(305, 'T5', 106, 1, '2026-06-17 12:21:12', 'pending', 118, 40.00),
(306, 'T5', 50, 1, '2026-06-17 12:21:12', 'pending', 118, 169.00),
(307, 'T5', 47, 1, '2026-06-17 12:21:12', 'pending', 118, 15.00),
(308, 'T5', 45, 1, '2026-06-17 12:21:12', 'pending', 118, 185.00),
(309, 'T5', 101, 3, '2026-06-17 12:21:12', 'pending', 118, 15.00),
(310, 'T5', 106, 1, '2026-06-17 12:21:12', 'pending', 118, 40.00),
(311, 'T5', 50, 1, '2026-06-17 12:21:12', 'pending', 118, 169.00),
(312, 'T5', 47, 1, '2026-06-17 12:21:12', 'pending', 118, 15.00),
(313, 'T5', 45, 1, '2026-06-17 12:21:12', 'pending', 118, 185.00),
(314, 'T5', 101, 3, '2026-06-17 12:21:12', 'pending', 118, 15.00),
(315, 'T5', 106, 1, '2026-06-17 12:21:12', 'pending', 118, 40.00),
(316, 'T5', 50, 1, '2026-06-17 12:21:12', 'pending', 118, 169.00),
(317, 'T5', 47, 1, '2026-06-17 12:21:12', 'pending', 118, 15.00),
(318, 'T5', 45, 1, '2026-06-17 12:21:12', 'pending', 118, 185.00),
(319, 'T5', 101, 3, '2026-06-17 12:21:12', 'pending', 118, 15.00),
(320, 'T5', 106, 1, '2026-06-17 12:21:12', 'pending', 118, 40.00),
(321, 'T5', 50, 1, '2026-06-17 12:21:12', 'pending', 118, 169.00),
(322, 'T5', 47, 1, '2026-06-17 12:21:12', 'pending', 118, 15.00),
(323, 'T5', 45, 1, '2026-06-17 12:21:12', 'pending', 118, 185.00),
(324, 'T5', 101, 3, '2026-06-17 12:21:12', 'pending', 118, 15.00),
(325, 'T5', 106, 1, '2026-06-17 12:21:12', 'pending', 118, 40.00),
(326, 'T5', 50, 1, '2026-06-17 12:21:12', 'pending', 118, 169.00),
(327, 'T5', 47, 1, '2026-06-17 12:21:12', 'pending', 118, 15.00),
(328, 'T24', 108, 2, '2026-06-17 12:22:33', 'pending', 119, 229.00),
(329, 'T24', 34, 1, '2026-06-17 12:22:33', 'pending', 119, 79.00),
(330, 'T24', 21, 1, '2026-06-17 12:22:33', 'pending', 119, 99.00),
(331, 'T24', 112, 1, '2026-06-17 12:22:33', 'pending', 119, 79.00),
(332, 'T24', 37, 1, '2026-06-17 12:22:33', 'pending', 119, 89.00),
(333, 'T24', 93, 1, '2026-06-17 12:22:33', 'pending', 119, 79.00),
(334, 'T24', 76, 1, '2026-06-17 12:22:33', 'pending', 119, 49.00),
(335, 'T24', 62, 1, '2026-06-17 12:22:33', 'pending', 119, 59.00),
(336, 'T24', 56, 1, '2026-06-17 12:22:33', 'pending', 119, 99.00),
(337, 'T24', 48, 1, '2026-06-17 12:23:33', 'pending', 119, 30.00),
(338, 'T24', 105, 1, '2026-06-17 12:23:33', 'pending', 119, 30.00),
(339, 'T24', 50, 1, '2026-06-17 12:31:36', 'pending', 119, 169.00),
(340, 'T24', 129, 1, '2026-06-17 12:32:05', 'pending', 119, 59.00),
(341, 'T9', 131, 1, '2026-06-17 12:32:07', 'pending', 111, 49.00),
(342, 'T22', 34, 1, '2026-06-17 12:34:00', 'pending', 117, 79.00),
(343, 'T4', 105, 1, '2026-06-17 12:35:18', 'pending', 113, 30.00),
(344, 'T15', 50, 1, '2026-06-17 12:37:20', 'pending', 120, 169.00),
(345, 'T15', 76, 1, '2026-06-17 12:37:20', 'pending', 120, 49.00),
(346, 'T15', 47, 1, '2026-06-17 12:37:20', 'pending', 120, 15.00),
(347, 'T15', 107, 1, '2026-06-17 12:37:20', 'pending', 120, 20.00),
(348, 'T15', 105, 1, '2026-06-17 12:37:20', 'pending', 120, 30.00),
(349, 'T10', 47, 1, '2026-06-17 12:39:33', 'pending', 112, 15.00),
(350, 'B26', 124, 1, '2026-06-17 12:40:36', 'pending', 122, 199.00),
(351, 'B26', 47, 1, '2026-06-17 12:40:36', 'pending', 122, 15.00),
(352, 'B26', 124, 1, '2026-06-17 12:40:36', 'pending', 122, 199.00),
(353, 'B26', 47, 1, '2026-06-17 12:40:36', 'pending', 122, 15.00),
(354, 'B26', 124, 1, '2026-06-17 12:40:36', 'pending', 122, 199.00),
(355, 'B26', 47, 1, '2026-06-17 12:40:36', 'pending', 122, 15.00),
(356, 'B26', 124, 1, '2026-06-17 12:40:36', 'pending', 122, 199.00),
(357, 'B26', 47, 1, '2026-06-17 12:40:36', 'pending', 122, 15.00),
(358, 'T7', 22, 1, '2026-06-17 12:40:41', 'pending', 121, 99.00),
(359, 'T7', 118, 1, '2026-06-17 12:40:41', 'pending', 121, 99.00),
(360, 'T7', 23, 1, '2026-06-17 12:40:41', 'pending', 121, 199.00),
(361, 'T7', 50, 1, '2026-06-17 12:40:41', 'pending', 121, 169.00),
(362, 'T7', 86, 1, '2026-06-17 12:40:41', 'pending', 121, 49.00),
(363, 'T7', 22, 1, '2026-06-17 12:41:28', 'pending', 121, 99.00),
(364, 'T7', 106, 1, '2026-06-17 12:43:47', 'pending', 121, 40.00),
(365, 'T7', 48, 1, '2026-06-17 12:43:47', 'pending', 121, 30.00),
(366, 'T15', 19, 1, '2026-06-17 12:43:51', 'pending', 120, 89.00),
(367, 'T15', 129, 1, '2026-06-17 12:43:51', 'pending', 120, 59.00),
(368, 'T16', 47, 1, '2026-06-17 12:44:54', 'pending', 106, 15.00),
(369, 'T1', 47, 1, '2026-06-17 12:46:23', 'pending', 110, 15.00),
(370, 'T9', 47, 1, '2026-06-17 12:53:02', 'pending', 111, 15.00),
(371, 'T3', 47, 1, '2026-06-17 12:55:58', 'pending', 115, 15.00),
(372, 'T3', 126, 1, '2026-06-17 12:56:33', 'pending', 115, 229.00),
(373, 'T12', 50, 1, '2026-06-17 13:01:07', 'pending', 124, 169.00),
(374, 'T12', 47, 1, '2026-06-17 13:01:07', 'pending', 124, 15.00),
(375, 'T12', 148, 1, '2026-06-17 13:01:07', 'pending', 124, 59.00),
(376, 'T12', 76, 1, '2026-06-17 13:01:07', 'pending', 124, 49.00),
(377, 'T10', 101, 2, '2026-06-17 13:01:53', 'pending', 112, 15.00),
(378, 'T10', 101, 2, '2026-06-17 13:01:53', 'pending', 112, 15.00),
(379, 'T10', 101, 2, '2026-06-17 13:01:53', 'pending', 112, 15.00),
(380, 'T10', 101, 2, '2026-06-17 13:01:53', 'pending', 112, 15.00),
(381, 'T10', 101, 2, '2026-06-17 13:01:53', 'pending', 112, 15.00),
(382, 'T10', 101, 2, '2026-06-17 13:01:53', 'pending', 112, 15.00),
(383, 'T10', 101, 2, '2026-06-17 13:01:53', 'pending', 112, 15.00),
(384, 'T10', 101, 2, '2026-06-17 13:01:53', 'pending', 112, 15.00),
(385, 'T10', 101, 2, '2026-06-17 13:01:53', 'pending', 112, 15.00),
(386, 'T10', 101, 2, '2026-06-17 13:01:53', 'pending', 112, 15.00),
(387, 'T10', 101, 2, '2026-06-17 13:01:53', 'pending', 112, 15.00),
(388, 'T10', 101, 2, '2026-06-17 13:01:53', 'pending', 112, 15.00),
(389, 'T10', 101, 2, '2026-06-17 13:01:53', 'pending', 112, 15.00),
(390, 'T10', 101, 2, '2026-06-17 13:01:53', 'pending', 112, 15.00),
(391, 'T10', 101, 2, '2026-06-17 13:01:53', 'pending', 112, 15.00),
(392, 'T10', 101, 2, '2026-06-17 13:01:53', 'pending', 112, 15.00),
(393, 'T10', 101, 2, '2026-06-17 13:01:53', 'pending', 112, 15.00),
(394, 'T10', 101, 2, '2026-06-17 13:01:53', 'pending', 112, 15.00),
(395, 'T10', 101, 2, '2026-06-17 13:01:53', 'pending', 112, 15.00),
(396, 'T10', 101, 2, '2026-06-17 13:01:53', 'pending', 112, 15.00),
(397, 'T10', 101, 2, '2026-06-17 13:01:53', 'pending', 112, 15.00),
(398, 'T10', 101, 2, '2026-06-17 13:01:55', 'pending', 112, 15.00),
(399, 'T10', 101, 2, '2026-06-17 13:01:55', 'pending', 112, 15.00),
(400, 'T10', 101, 2, '2026-06-17 13:01:55', 'pending', 112, 15.00),
(401, 'B28', 108, 1, '2026-06-17 13:02:27', 'pending', 123, 229.00),
(402, 'B28', 47, 1, '2026-06-17 13:02:27', 'pending', 123, 15.00),
(403, 'T23', 147, 1, '2026-06-17 13:03:13', 'pending', 125, 99.00),
(404, 'T23', 36, 1, '2026-06-17 13:03:13', 'pending', 125, 89.00),
(405, 'T23', 143, 1, '2026-06-17 13:03:13', 'pending', 125, 69.00),
(406, 'T23', 108, 1, '2026-06-17 13:04:07', 'pending', 125, 229.00),
(407, 'T23', 39, 1, '2026-06-17 13:04:10', 'pending', 125, 89.00),
(408, 'T23', 41, 1, '2026-06-17 13:04:49', 'pending', 125, 79.00),
(409, 'T12', 105, 1, '2026-06-17 13:04:59', 'pending', 124, 30.00),
(410, 'T12', 102, 1, '2026-06-17 13:05:06', 'pending', 124, 25.00),
(411, 'T23', 48, 1, '2026-06-17 13:05:14', 'pending', 125, 30.00),
(412, 'T23', 48, 1, '2026-06-17 13:05:14', 'pending', 125, 30.00),
(413, 'T23', 48, 1, '2026-06-17 13:05:15', 'pending', 125, 30.00),
(414, 'T23', 131, 1, '2026-06-17 13:05:49', 'pending', 125, 49.00),
(415, 'T24', 107, 1, '2026-06-17 13:06:10', 'pending', 119, 20.00),
(416, 'T10', 39, 1, '2026-06-17 13:06:18', 'pending', 112, 89.00),
(417, 'T23', 104, 1, '2026-06-17 13:07:48', 'pending', 125, 15.00),
(418, 'T23', 86, 1, '2026-06-17 13:08:42', 'pending', 125, 49.00),
(419, 'B28', 19, 1, '2026-06-17 13:09:19', 'pending', 123, 89.00),
(420, 'T23', 28, 1, '2026-06-17 13:09:35', 'pending', 125, 79.00),
(421, 'T7', 34, 1, '2026-06-17 13:10:39', 'pending', 121, 79.00),
(422, 'T7', 153, 1, '2026-06-17 13:10:39', 'pending', 121, 79.00),
(423, 'T7', 94, 1, '2026-06-17 13:10:39', 'pending', 121, 69.00),
(424, 'T7', 62, 1, '2026-06-17 13:10:39', 'pending', 121, 59.00),
(425, 'T22', 46, 1, '2026-06-17 13:14:11', 'pending', 117, 30.00),
(426, 'T22', 108, 1, '2026-06-17 13:14:52', 'pending', 117, 229.00),
(427, 'T10', 104, 1, '2026-06-17 13:18:11', 'pending', 112, 15.00),
(428, 'T22', 22, 1, '2026-06-17 13:20:30', 'pending', 117, 99.00),
(429, 'T5', 47, 1, '2026-06-17 13:20:45', 'pending', 118, 15.00),
(430, 'T5', 47, 1, '2026-06-17 13:20:46', 'pending', 118, 15.00),
(431, 'T5', 47, 1, '2026-06-17 13:20:46', 'pending', 118, 15.00),
(432, 'B26', 124, 1, '2026-06-17 13:22:25', 'pending', 128, 199.00),
(433, 'B26', 47, 1, '2026-06-17 13:22:25', 'pending', 128, 15.00),
(434, 'T14', 19, 4, '2026-06-17 13:23:05', 'pending', 126, 89.00),
(435, 'T14', 120, 1, '2026-06-17 13:23:05', 'pending', 126, 450.00),
(436, 'T14', 46, 1, '2026-06-17 13:23:05', 'pending', 126, 30.00),
(437, 'T14', 101, 3, '2026-06-17 13:23:05', 'pending', 126, 15.00),
(438, 'T14', 105, 1, '2026-06-17 13:23:05', 'pending', 126, 30.00),
(439, 'T24', 48, 1, '2026-06-17 13:23:51', 'pending', 119, 30.00),
(440, 'T10', 108, 1, '2026-06-17 13:25:32', 'pending', 112, 229.00),
(441, 'T10', 48, 1, '2026-06-17 13:26:58', 'pending', 112, 30.00),
(442, 'T10', 30, 1, '2026-06-17 13:28:16', 'pending', 112, 69.00),
(443, 'T10', 119, 1, '2026-06-17 13:28:29', 'pending', 112, 59.00),
(444, 'Ex10', 128, 1, '2026-06-17 13:29:04', 'pending', 130, 180.00),
(445, 'Ex10', 126, 1, '2026-06-17 13:29:04', 'pending', 130, 229.00),
(446, 'Ex10', 127, 1, '2026-06-17 13:29:04', 'pending', 130, 320.00),
(447, 'Ex10', 128, 1, '2026-06-17 13:29:04', 'pending', 130, 180.00),
(448, 'Ex10', 126, 1, '2026-06-17 13:29:04', 'pending', 130, 229.00),
(449, 'Ex10', 127, 1, '2026-06-17 13:29:04', 'pending', 130, 320.00),
(450, 'Ex1', 42, 1, '2026-06-17 13:29:36', 'pending', 132, 70.00),
(451, 'Ex1', 104, 1, '2026-06-17 13:29:36', 'pending', 132, 15.00),
(452, 'Ex1', 47, 1, '2026-06-17 13:29:36', 'pending', 132, 15.00),
(453, 'T10', 76, 1, '2026-06-17 13:29:47', 'pending', 112, 49.00),
(454, 'T23', 36, 1, '2026-06-17 13:31:02', 'pending', 127, 89.00),
(455, 'T23', 147, 1, '2026-06-17 13:31:02', 'pending', 127, 99.00),
(456, 'T8', 124, 2, '2026-06-17 13:31:47', 'pending', 129, 199.00),
(457, 'T8', 47, 1, '2026-06-17 13:31:47', 'pending', 129, 15.00),
(458, 'T13', 47, 1, '2026-06-17 13:33:06', 'pending', 131, 15.00),
(459, 'T13', 20, 1, '2026-06-17 13:33:06', 'pending', 131, 350.00),
(460, 'T13', 101, 2, '2026-06-17 13:33:06', 'pending', 131, 15.00),
(461, 'T13', 105, 1, '2026-06-17 13:33:06', 'pending', 131, 30.00),
(462, 'T15', 121, 1, '2026-06-17 13:35:11', 'pending', 120, 79.00),
(463, 'T15', 47, 1, '2026-06-17 13:35:11', 'pending', 120, 15.00),
(464, 'T5', 45, 1, '2026-06-17 13:36:03', 'pending', 133, 185.00),
(465, 'T5', 101, 3, '2026-06-17 13:36:03', 'pending', 133, 15.00),
(466, 'T5', 106, 1, '2026-06-17 13:36:03', 'pending', 133, 40.00),
(467, 'T5', 122, 1, '2026-06-17 13:36:03', 'pending', 133, 159.00),
(468, 'T5', 47, 1, '2026-06-17 13:36:03', 'pending', 133, 15.00),
(469, 'T24', 76, 1, '2026-06-17 13:36:16', 'pending', 119, 49.00),
(470, 'T10', 47, 2, '2026-06-17 13:40:42', 'pending', 134, 15.00),
(471, 'T10', 120, 1, '2026-06-17 13:40:42', 'pending', 134, 450.00),
(472, 'T10', 101, 6, '2026-06-17 13:40:42', 'pending', 134, 15.00),
(473, 'T10', 108, 1, '2026-06-17 13:40:42', 'pending', 134, 229.00),
(474, 'T10', 41, 1, '2026-06-17 13:40:42', 'pending', 134, 79.00),
(475, 'T10', 104, 1, '2026-06-17 13:40:42', 'pending', 134, 15.00),
(476, 'T10', 46, 1, '2026-06-17 13:40:42', 'pending', 134, 30.00),
(477, 'T10', 21, 1, '2026-06-17 13:40:42', 'pending', 134, 99.00),
(478, 'T7', 46, 1, '2026-06-17 13:42:19', 'pending', 121, 30.00),
(479, 'T7', 106, 1, '2026-06-17 13:42:19', 'pending', 121, 40.00),
(480, 'B26', 23, 1, '2026-06-17 13:44:29', 'pending', 128, 199.00),
(481, 'B26', 47, 1, '2026-06-17 13:44:29', 'pending', 128, 15.00),
(482, 'T7', 147, 1, '2026-06-17 13:46:33', 'pending', 121, 99.00),
(483, 'T7', 135, 1, '2026-06-17 13:46:33', 'pending', 121, 69.00),
(484, 'T7', 133, 1, '2026-06-17 13:46:33', 'pending', 121, 59.00),
(485, 'T13', 24, 1, '2026-06-17 13:47:40', 'pending', 131, 59.00),
(486, 'T13', 33, 1, '2026-06-17 13:47:40', 'pending', 131, 99.00),
(487, 'T14', 101, 5, '2026-06-17 13:50:08', 'pending', 126, 15.00),
(488, 'T14', 101, 5, '2026-06-17 13:50:09', 'pending', 126, 15.00),
(489, 'T14', 120, 1, '2026-06-17 13:52:37', 'pending', 126, 450.00),
(490, 'T14', 105, 2, '2026-06-17 13:52:37', 'pending', 126, 30.00),
(491, 'T14', 101, 3, '2026-06-17 13:52:37', 'pending', 126, 15.00),
(492, 'T14', 48, 1, '2026-06-17 13:52:37', 'pending', 126, 30.00),
(493, 'T5', 44, 1, '2026-06-17 13:53:00', 'pending', 135, 80.00),
(494, 'T5', 104, 1, '2026-06-17 13:53:00', 'pending', 135, 15.00),
(495, 'T5', 47, 1, '2026-06-17 13:53:00', 'pending', 135, 15.00),
(496, 'T14', 50, 2, '2026-06-17 13:53:18', 'pending', 126, 169.00),
(497, 'T7', 22, 1, '2026-06-17 13:54:41', 'pending', 121, 99.00),
(498, 'T19', 108, 1, '2026-06-17 13:56:00', 'pending', 114, 229.00),
(499, 'T19', 46, 1, '2026-06-17 13:56:00', 'pending', 114, 30.00),
(500, 'T3', 47, 1, '2026-06-17 13:57:20', 'pending', 115, 15.00),
(501, 'T1', 122, 1, '2026-06-17 14:00:14', 'pending', 136, 159.00),
(502, 'T1', 152, 1, '2026-06-17 14:00:14', 'pending', 136, 79.00),
(503, 'T1', 91, 1, '2026-06-17 14:00:14', 'pending', 136, 59.00),
(504, 'T1', 35, 1, '2026-06-17 14:00:14', 'pending', 136, 99.00),
(505, 'T1', 22, 1, '2026-06-17 14:00:14', 'pending', 136, 99.00),
(506, 'T1', 108, 1, '2026-06-17 14:00:14', 'pending', 136, 229.00),
(507, 'T1', 47, 1, '2026-06-17 14:00:14', 'pending', 136, 15.00),
(508, 'T14', 120, 2, '2026-06-17 14:00:26', 'pending', 126, 450.00),
(509, 'T1', 107, 1, '2026-06-17 14:01:25', 'pending', 136, 20.00),
(510, 'Ex1', 69, 1, '2026-06-17 14:06:57', 'pending', 132, 89.00),
(511, 'Ex1', 137, 1, '2026-06-17 14:06:57', 'pending', 132, 89.00),
(512, 'Ex1', 55, 1, '2026-06-17 14:06:57', 'pending', 132, 99.00),
(513, 'T14', 46, 1, '2026-06-17 14:07:31', 'pending', 126, 30.00),
(514, 'T14', 139, 2, '2026-06-17 14:12:55', 'pending', 126, 79.00),
(515, 'T14', 41, 2, '2026-06-17 14:12:55', 'pending', 126, 79.00),
(516, 'T10', 47, 1, '2026-06-17 14:13:55', 'pending', 134, 15.00),
(517, 'B30', 147, 1, '2026-06-17 14:16:00', 'pending', 137, 99.00),
(518, 'B30', 24, 1, '2026-06-17 14:16:00', 'pending', 137, 59.00),
(519, 'B30', 76, 1, '2026-06-17 14:16:00', 'pending', 137, 49.00),
(520, 'B30', 108, 1, '2026-06-17 14:16:00', 'pending', 137, 229.00),
(521, 'B30', 47, 1, '2026-06-17 14:16:00', 'pending', 137, 15.00),
(522, 'T13', 76, 1, '2026-06-17 14:18:37', 'pending', 131, 49.00),
(523, 'T13', 21, 1, '2026-06-17 14:18:37', 'pending', 131, 99.00),
(524, 'B28', 108, 1, '2026-06-17 14:19:36', 'pending', 123, 229.00),
(525, 'T5', 110, 1, '2026-06-17 14:20:54', 'pending', 135, 79.00),
(526, 'T5', 129, 1, '2026-06-17 14:20:54', 'pending', 135, 59.00),
(527, 'T5', 37, 1, '2026-06-17 14:20:54', 'pending', 135, 89.00),
(528, 'T5', 121, 1, '2026-06-17 14:20:54', 'pending', 135, 79.00),
(529, 'T5', 52, 1, '2026-06-17 14:20:54', 'pending', 135, 89.00),
(530, 'B28', 47, 1, '2026-06-17 14:21:01', 'pending', 123, 15.00),
(531, 'Ex1', 42, 1, '2026-06-17 14:24:00', 'pending', 132, 70.00),
(532, 'T4', 108, 1, '2026-06-17 14:24:32', 'pending', 138, 229.00),
(533, 'T4', 47, 1, '2026-06-17 14:24:32', 'pending', 138, 15.00),
(534, 'T22', 47, 1, '2026-06-17 14:24:54', 'pending', 117, 15.00),
(535, 'T22', 22, 1, '2026-06-17 14:25:07', 'pending', 117, 99.00),
(536, 'Ex2', 154, 1, '2026-06-17 14:28:21', 'pending', 139, 350.00),
(537, 'Ex2', 46, 1, '2026-06-17 14:28:21', 'pending', 139, 30.00),
(538, 'T19', 35, 1, '2026-06-17 14:28:51', 'pending', 114, 99.00),
(539, 'T19', 121, 1, '2026-06-17 14:28:51', 'pending', 114, 79.00),
(540, 'T3', 108, 1, '2026-06-17 14:31:03', 'pending', 115, 229.00),
(541, 'T14', 105, 2, '2026-06-17 14:31:33', 'pending', 126, 30.00),
(542, 'T14', 101, 6, '2026-06-17 14:31:33', 'pending', 126, 15.00),
(543, 'T14', 42, 1, '2026-06-17 14:32:28', 'pending', 126, 70.00),
(544, 'T14', 120, 1, '2026-06-17 14:33:28', 'pending', 126, 450.00),
(545, 'T14', 120, 1, '2026-06-17 14:33:28', 'pending', 126, 450.00),
(546, 'T3', 108, 1, '2026-06-17 14:38:34', 'pending', 115, 229.00),
(547, 'T1', 129, 2, '2026-06-17 14:39:21', 'pending', 136, 59.00),
(548, 'T1', 145, 2, '2026-06-17 14:39:21', 'pending', 136, 10.00),
(549, 'T10', 101, 1, '2026-06-17 14:39:51', 'pending', 134, 15.00),
(550, 'T14', 46, 1, '2026-06-17 14:41:42', 'pending', 126, 30.00),
(551, 'T1', 47, 1, '2026-06-17 14:44:49', 'pending', 136, 15.00),
(552, 'T13', 47, 1, '2026-06-17 14:48:32', 'pending', 131, 15.00),
(553, 'T13', 108, 1, '2026-06-17 14:48:52', 'pending', 131, 229.00),
(554, 'T13', 44, 2, '2026-06-17 14:50:04', 'pending', 131, 80.00),
(555, 'T14', 120, 2, '2026-06-17 14:50:51', 'pending', 126, 450.00),
(556, 'T8', 47, 1, '2026-06-17 14:52:34', 'pending', 129, 15.00),
(557, 'T1', 155, 1, '2026-06-17 14:57:12', 'pending', 136, 79.00),
(558, 'T14', 101, 6, '2026-06-17 14:58:09', 'pending', 126, 15.00),
(559, 'T6', 108, 1, '2026-06-17 14:59:05', 'pending', 140, 229.00),
(560, 'T6', 47, 1, '2026-06-17 14:59:05', 'pending', 140, 15.00),
(561, 'T6', 122, 1, '2026-06-17 14:59:42', 'pending', 140, 159.00),
(562, 'T6', 76, 1, '2026-06-17 14:59:42', 'pending', 140, 49.00),
(563, 'T13', 101, 2, '2026-06-17 14:59:59', 'pending', 131, 15.00),
(564, 'T14', 101, 4, '2026-06-17 15:00:18', 'pending', 126, 15.00),
(565, 'T1', 107, 1, '2026-06-17 15:01:04', 'pending', 136, 20.00),
(566, 'T1', 108, 1, '2026-06-17 15:01:04', 'pending', 136, 229.00),
(567, 'T10', 47, 1, '2026-06-17 15:01:30', 'pending', 134, 15.00),
(568, 'T14', 48, 2, '2026-06-17 15:03:24', 'pending', 126, 30.00),
(569, 'T23', 101, 3, '2026-06-17 15:07:29', 'pending', 141, 15.00),
(570, 'T23', 47, 1, '2026-06-17 15:07:29', 'pending', 141, 15.00),
(571, 'T23', 22, 1, '2026-06-17 15:08:08', 'pending', 141, 99.00),
(572, 'Ex5', 44, 1, '2026-06-17 15:09:16', 'pending', 142, 80.00),
(573, 'T19', 108, 1, '2026-06-17 15:09:48', 'pending', 114, 229.00),
(574, 'B30', 34, 1, '2026-06-17 15:10:04', 'pending', 137, 79.00),
(575, 'T23', 41, 1, '2026-06-17 15:12:43', 'pending', 141, 79.00),
(576, 'T9', 147, 1, '2026-06-17 15:15:46', 'pending', 143, 99.00),
(577, 'T9', 132, 1, '2026-06-17 15:15:46', 'pending', 143, 49.00),
(578, 'T10', 120, 1, '2026-06-17 15:16:31', 'pending', 134, 450.00),
(579, 'T10', 101, 2, '2026-06-17 15:16:50', 'pending', 134, 15.00),
(580, 'T9', 101, 2, '2026-06-17 15:17:06', 'pending', 143, 15.00),
(581, 'T9', 105, 1, '2026-06-17 15:17:06', 'pending', 143, 30.00),
(582, 'T9', 46, 1, '2026-06-17 15:17:06', 'pending', 143, 30.00),
(583, 'Ex2', 154, 1, '2026-06-17 15:22:32', 'pending', 139, 350.00),
(584, 'Ex1', 47, 1, '2026-06-17 15:22:52', 'pending', 132, 15.00),
(585, 'T14', 120, 2, '2026-06-17 15:26:06', 'pending', 126, 450.00),
(586, 'T14', 101, 4, '2026-06-17 15:26:06', 'pending', 126, 15.00),
(587, 'T1', 23, 1, '2026-06-17 15:27:50', 'pending', 136, 199.00),
(588, 'T3', 47, 1, '2026-06-17 15:30:00', 'pending', 115, 15.00),
(589, 'T1', 46, 1, '2026-06-17 15:30:15', 'pending', 136, 30.00),
(590, 'T13', 47, 1, '2026-06-17 15:31:50', 'pending', 131, 15.00),
(591, 'T10', 44, 1, '2026-06-17 15:33:01', 'pending', 134, 80.00),
(592, 'T10', 47, 1, '2026-06-17 15:34:53', 'pending', 134, 15.00),
(593, 'Ex1', 42, 1, '2026-06-17 15:37:14', 'pending', 132, 70.00),
(594, 'T14', 46, 1, '2026-06-17 15:39:21', 'pending', 126, 30.00),
(595, 'T23', 45, 1, '2026-06-17 15:43:04', 'pending', 141, 185.00),
(596, 'T23', 104, 1, '2026-06-17 15:43:04', 'pending', 141, 15.00),
(597, 'B28', 44, 1, '2026-06-17 15:50:49', 'pending', 123, 80.00),
(598, 'B28', 44, 1, '2026-06-17 15:52:46', 'pending', 123, 80.00),
(599, 'T10', 44, 2, '2026-06-17 15:54:25', 'pending', 134, 80.00),
(600, 'T14', 46, 1, '2026-06-17 15:55:20', 'pending', 126, 30.00),
(601, 'B28', 46, 1, '2026-06-17 15:58:12', 'pending', 123, 30.00),
(602, 'B28', 151, 1, '2026-06-17 16:03:42', 'pending', 123, 159.00),
(603, 'B28', 150, 2, '2026-06-17 16:03:42', 'pending', 123, 159.00),
(604, 'T13', 46, 1, '2026-06-17 16:07:32', 'pending', 131, 30.00),
(605, 'T14', 120, 2, '2026-06-17 16:08:53', 'pending', 126, 450.00),
(606, 'T14', 104, 2, '2026-06-17 16:08:53', 'pending', 126, 15.00),
(607, 'T14', 105, 1, '2026-06-17 16:08:53', 'pending', 126, 30.00),
(608, 'T14', 101, 6, '2026-06-17 16:08:53', 'pending', 126, 15.00),
(609, 'T6', 46, 1, '2026-06-17 16:09:12', 'pending', 140, 30.00),
(610, 'T10', 104, 1, '2026-06-17 16:09:39', 'pending', 134, 15.00),
(611, 'T10', 101, 2, '2026-06-17 16:09:39', 'pending', 134, 15.00),
(612, 'B28', 150, 1, '2026-06-17 16:14:05', 'pending', 123, 159.00),
(613, 'B28', 44, 1, '2026-06-17 16:22:13', 'pending', 123, 80.00),
(614, 'T9', 47, 1, '2026-06-17 16:23:00', 'pending', 143, 15.00),
(615, 'T9', 101, 1, '2026-06-17 16:23:00', 'pending', 143, 15.00),
(616, 'T10', 47, 1, '2026-06-17 16:24:58', 'pending', 134, 15.00),
(617, 'Ex1', 47, 1, '2026-06-17 16:26:45', 'pending', 132, 15.00),
(618, 'T1', 108, 1, '2026-06-17 16:29:55', 'pending', 136, 229.00),
(619, 'T1', 46, 1, '2026-06-17 16:29:55', 'pending', 136, 30.00),
(620, 'T14', 46, 1, '2026-06-17 16:30:59', 'pending', 126, 30.00),
(621, 'T14', 37, 2, '2026-06-17 16:31:23', 'pending', 126, 89.00),
(622, 'T1', 107, 1, '2026-06-17 16:31:31', 'pending', 136, 20.00),
(623, 'T14', 44, 1, '2026-06-17 16:32:11', 'pending', 126, 80.00),
(624, 'T23', 101, 1, '2026-06-17 16:32:31', 'pending', 141, 15.00),
(625, 'T23', 47, 1, '2026-06-17 16:32:31', 'pending', 141, 15.00),
(626, 'B28', 36, 1, '2026-06-17 16:36:11', 'pending', 123, 89.00),
(627, 'B28', 36, 1, '2026-06-17 16:36:32', 'pending', 123, 89.00),
(628, 'T14', 101, 3, '2026-06-17 16:53:40', 'pending', 126, 15.00),
(629, 'T14', 120, 1, '2026-06-17 16:53:40', 'pending', 126, 450.00),
(630, 'T14', 120, 1, '2026-06-17 16:54:06', 'pending', 126, 450.00),
(631, 'T14', 24, 1, '2026-06-17 16:59:47', 'pending', 126, 59.00),
(632, 'T14', 20, 1, '2026-06-17 17:00:45', 'pending', 126, 350.00),
(633, 'T14', 101, 3, '2026-06-17 17:00:45', 'pending', 126, 15.00),
(634, 'T15', 45, 1, '2026-06-17 17:01:25', 'pending', 144, 185.00),
(635, 'T15', 101, 3, '2026-06-17 17:01:25', 'pending', 144, 15.00),
(636, 'T15', 46, 1, '2026-06-17 17:01:25', 'pending', 144, 30.00),
(637, 'T1', 134, 2, '2026-06-17 17:49:18', 'pending', 145, 69.00),
(638, 'T1', 150, 1, '2026-06-17 17:49:18', 'pending', 145, 159.00),
(639, 'T1', 121, 1, '2026-06-17 17:49:18', 'pending', 145, 79.00),
(640, 'T1', 75, 1, '2026-06-17 17:49:18', 'pending', 145, 89.00),
(641, 'T1', 73, 1, '2026-06-17 17:49:18', 'pending', 145, 159.00),
(642, 'T1', 72, 1, '2026-06-17 17:49:18', 'pending', 145, 159.00),
(643, 'T1', 71, 1, '2026-06-17 17:49:18', 'pending', 145, 159.00),
(644, 'T1', 70, 1, '2026-06-17 17:49:18', 'pending', 145, 89.00),
(645, 'T1', 51, 1, '2026-06-17 17:49:18', 'pending', 145, 109.00),
(646, 'T1', 34, 1, '2026-06-17 17:49:18', 'pending', 145, 79.00),
(647, 'T1', 32, 1, '2026-06-17 17:49:18', 'pending', 145, 89.00),
(648, 'T1', 30, 1, '2026-06-17 17:49:18', 'pending', 145, 69.00),
(649, 'T1', 28, 1, '2026-06-17 17:49:18', 'pending', 145, 79.00),
(650, 'T1', 25, 1, '2026-06-17 17:49:18', 'pending', 145, 89.00),
(651, 'T1', 19, 1, '2026-06-17 17:49:18', 'pending', 145, 89.00),
(652, 'T1', 54, 2, '2026-06-17 17:49:18', 'pending', 145, 89.00),
(653, 'T1', 53, 1, '2026-06-17 17:49:18', 'pending', 145, 89.00),
(654, 'T1', 52, 1, '2026-06-17 17:49:18', 'pending', 145, 89.00),
(655, 'T1', 39, 1, '2026-06-17 17:49:18', 'pending', 145, 89.00),
(656, 'T1', 55, 1, '2026-06-17 17:49:18', 'pending', 145, 99.00),
(657, 'T1', 94, 1, '2026-06-17 17:49:18', 'pending', 145, 69.00),
(658, 'T1', 93, 1, '2026-06-17 17:49:18', 'pending', 145, 79.00),
(659, 'T1', 95, 1, '2026-06-17 17:49:18', 'pending', 145, 49.00),
(660, 'T1', 91, 1, '2026-06-17 17:49:18', 'pending', 145, 59.00),
(661, 'T1', 86, 1, '2026-06-17 17:49:18', 'pending', 145, 49.00),
(662, 'T1', 85, 1, '2026-06-17 17:49:18', 'pending', 145, 69.00),
(663, 'T1', 84, 1, '2026-06-17 17:49:18', 'pending', 145, 79.00),
(664, 'T1', 83, 1, '2026-06-17 17:49:18', 'pending', 145, 79.00),
(665, 'T1', 82, 1, '2026-06-17 17:49:18', 'pending', 145, 59.00),
(666, 'T1', 81, 1, '2026-06-17 17:49:18', 'pending', 145, 49.00),
(667, 'T1', 80, 1, '2026-06-17 17:49:18', 'pending', 145, 69.00),
(668, 'T1', 79, 1, '2026-06-17 17:49:18', 'pending', 145, 79.00),
(669, 'T1', 78, 1, '2026-06-17 17:49:18', 'pending', 145, 79.00),
(670, 'T1', 76, 1, '2026-06-17 17:49:18', 'pending', 145, 49.00),
(671, 'T1', 112, 1, '2026-06-17 17:49:18', 'pending', 145, 79.00),
(672, 'T1', 61, 1, '2026-06-17 17:49:18', 'pending', 145, 89.00),
(673, 'T1', 41, 2, '2026-06-17 17:49:18', 'pending', 145, 79.00),
(674, 'T1', 36, 1, '2026-06-17 17:49:18', 'pending', 145, 89.00),
(675, 'T1', 37, 1, '2026-06-17 17:49:18', 'pending', 145, 89.00),
(676, 'T1', 35, 2, '2026-06-17 17:49:18', 'pending', 145, 99.00),
(677, 'T1', 29, 1, '2026-06-17 17:49:18', 'pending', 145, 79.00),
(678, 'T1', 27, 1, '2026-06-17 17:49:18', 'pending', 145, 79.00),
(679, 'T1', 31, 1, '2026-06-17 17:49:18', 'pending', 145, 89.00),
(680, 'T1', 33, 1, '2026-06-17 17:49:18', 'pending', 145, 99.00),
(681, 'T1', 21, 1, '2026-06-17 17:49:18', 'pending', 145, 99.00),
(682, 'T1', 110, 1, '2026-06-17 17:49:18', 'pending', 145, 79.00),
(683, 'T1', 150, 1, '2026-06-18 00:58:55', 'pending', 146, 159.00),
(684, 'T1', 134, 1, '2026-06-18 00:58:55', 'pending', 146, 69.00),
(685, 'T1', 150, 1, '2026-06-18 00:59:30', 'pending', 146, 159.00),
(686, 'T1', 74, 1, '2026-06-18 01:24:30', 'pending', 146, 279.00),
(687, 'T1', 72, 1, '2026-06-18 01:24:30', 'pending', 146, 159.00),
(688, 'T1', 70, 1, '2026-06-18 01:24:30', 'pending', 146, 89.00),
(689, 'T1', 34, 2, '2026-06-18 01:24:45', 'pending', 146, 79.00),
(690, 'T1', 34, 2, '2026-06-18 01:24:45', 'pending', 146, 79.00),
(691, 'T1', 34, 2, '2026-06-18 01:24:45', 'pending', 146, 79.00),
(692, 'T1', 151, 1, '2026-06-18 01:25:42', 'pending', 146, 159.00),
(693, 'T1', 151, 1, '2026-06-18 01:25:42', 'pending', 146, 159.00),
(694, 'T1', 151, 1, '2026-06-18 01:25:42', 'pending', 146, 159.00),
(695, 'T1', 151, 1, '2026-06-18 01:28:39', 'pending', 146, 159.00),
(696, 'T1', 151, 1, '2026-06-18 01:29:00', 'pending', 146, 159.00),
(697, 'T1', 151, 1, '2026-06-18 01:29:27', 'pending', 146, 159.00),
(698, 'T1', 73, 1, '2026-06-18 01:29:53', 'pending', 146, 159.00),
(703, 'T1', 151, 2, '2026-06-18 02:10:02', 'pending', 147, 159.00),
(704, 'T1', 151, 2, '2026-06-18 02:10:07', 'pending', 147, 159.00),
(705, 'T1', 126, 2, '2026-06-20 02:24:18', 'pending', 147, 229.00),
(706, 'T1', 108, 2, '2026-06-20 02:26:33', 'pending', 148, 229.00),
(707, 'T1', 108, 2, '2026-06-20 02:29:42', 'pending', 149, 229.00),
(708, 'T1', 23, 2, '2026-06-20 02:29:42', 'pending', 149, 199.00);

-- --------------------------------------------------------

--
-- Table structure for table `table_log_emp`
--

CREATE TABLE `table_log_emp` (
  `log_emp_id` int(11) NOT NULL,
  `menu_id` int(11) DEFAULT NULL,
  `amount` int(11) NOT NULL,
  `user_id` int(11) DEFAULT NULL,
  `update_date` timestamp NOT NULL DEFAULT current_timestamp(),
  `type` enum('in','out') NOT NULL DEFAULT 'out',
  `note` varchar(255) DEFAULT NULL
) ENGINE=InnoDB DEFAULT CHARSET=utf8mb4 COLLATE=utf8mb4_general_ci;

--
-- Dumping data for table `table_log_emp`
--

INSERT INTO `table_log_emp` (`log_emp_id`, `menu_id`, `amount`, `user_id`, `update_date`, `type`, `note`) VALUES
(1, 20, 5, NULL, '2026-05-18 09:18:42', 'in', 'Manual adjustment via Management UI'),
(2, 20, 1, NULL, '2026-05-18 12:06:56', 'out', 'Order #70 Status: ค้างชำระ'),
(3, 20, 1, NULL, '2026-05-18 12:07:38', 'out', 'Order #71 Status: ลด 10%'),
(4, 20, 3, NULL, '2026-05-18 12:28:41', 'out', 'Order #72 Status: ลด 10%'),
(5, 20, 2, NULL, '2026-05-18 12:42:35', 'out', 'Order #73 Status: ลด 10%'),
(6, 20, 7, 4, '2026-05-20 19:21:17', 'in', 'Manual adjustment via Management UI'),
(7, 48, 2, NULL, '2026-06-03 05:40:38', 'out', 'Order #74 Status: ชำระแล้ว'),
(8, 45, 2, NULL, '2026-06-03 05:40:38', 'out', 'Order #74 Status: ชำระแล้ว'),
(9, 20, 5, 3, '2026-06-06 04:04:05', 'in', 'ปรับสต็อกด้วยตนเอง: +5 ชิ้น (จาก 5 เป็น 10)'),
(10, 20, 3, NULL, '2026-06-14 11:53:18', 'out', 'Order #99 Status: ลด 10%'),
(11, 45, 0, NULL, '2026-06-16 13:15:09', 'in', 'ยกเลิกบิลโดย: Sathaneemhala | เหตุผล: '),
(12, 45, 0, NULL, '2026-06-16 13:15:09', 'in', 'ยกเลิกบิลโดย: Sathaneemhala | เหตุผล: '),
(13, 43, 0, NULL, '2026-06-16 13:15:20', 'in', 'ยกเลิกบิลโดย: Sathaneemhala | เหตุผล: '),
(14, 23, 1, NULL, '2026-06-16 13:31:29', 'out', 'Order #103 Status: ชำระแล้ว'),
(15, 20, 24, NULL, '2026-06-16 13:33:17', 'in', 'ปรับสต็อกด้วยตนเอง: +24 ชิ้น (จาก 7 เป็น 31)'),
(16, 20, 0, 17, '2026-06-17 02:54:05', 'in', 'ปรับสต็อกด้วยตนเอง: +0 ชิ้น (จาก 31 เป็น 31)'),
(17, 20, 0, 17, '2026-06-17 02:54:20', 'in', 'ปรับสต็อกด้วยตนเอง: +0 ชิ้น (จาก 31 เป็น 31)'),
(18, 20, 31, 3, '2026-06-17 09:58:27', 'out', 'ปรับสต็อกด้วยตนเอง: -31 ชิ้น (จาก 31 เป็น 0)'),
(19, 23, 1, 3, '2026-06-17 09:58:31', 'in', 'ปรับสต็อกด้วยตนเอง: +1 ชิ้น (จาก -1 เป็น 0)'),
(20, 45, 2, 3, '2026-06-17 09:58:35', 'in', 'ปรับสต็อกด้วยตนเอง: +2 ชิ้น (จาก -2 เป็น 0)'),
(21, 23, 1, NULL, '2026-06-17 10:37:40', 'out', 'Order #104 Status: ชำระแล้ว'),
(22, 20, 1, NULL, '2026-06-17 10:37:40', 'out', 'Order #104 Status: ชำระแล้ว'),
(23, 109, 0, NULL, '2026-06-17 10:51:13', 'in', 'ยกเลิกบิลโดย: admin1 | เหตุผล: '),
(24, 108, 0, NULL, '2026-06-17 10:51:13', 'in', 'ยกเลิกบิลโดย: admin1 | เหตุผล: '),
(25, 45, 0, NULL, '2026-06-17 10:51:13', 'in', 'ยกเลิกบิลโดย: admin1 | เหตุผล: '),
(26, 109, 0, NULL, '2026-06-17 10:57:34', 'in', 'ยกเลิกบิลโดย: admin1 | เหตุผล: '),
(27, 108, 0, NULL, '2026-06-17 10:57:34', 'in', 'ยกเลิกบิลโดย: admin1 | เหตุผล: '),
(28, 108, 1, NULL, '2026-06-17 13:16:12', 'out', 'Order #125 Status: ชำระแล้ว'),
(29, 48, 1, NULL, '2026-06-17 13:16:12', 'out', 'Order #125 Status: ชำระแล้ว'),
(30, 48, 1, NULL, '2026-06-17 13:16:12', 'out', 'Order #125 Status: ชำระแล้ว'),
(31, 48, 1, NULL, '2026-06-17 13:16:12', 'out', 'Order #125 Status: ชำระแล้ว'),
(32, 104, 1, NULL, '2026-06-17 13:16:12', 'out', 'Order #125 Status: ชำระแล้ว'),
(33, 109, 1, NULL, '2026-06-17 13:18:47', 'out', 'Order #113 Status: ชำระแล้ว'),
(34, 47, 1, NULL, '2026-06-17 13:18:47', 'out', 'Order #113 Status: ชำระแล้ว'),
(35, 109, 1, NULL, '2026-06-17 13:18:47', 'out', 'Order #113 Status: ชำระแล้ว'),
(36, 47, 1, NULL, '2026-06-17 13:18:47', 'out', 'Order #113 Status: ชำระแล้ว'),
(37, 109, 1, NULL, '2026-06-17 13:18:47', 'out', 'Order #113 Status: ชำระแล้ว'),
(38, 47, 1, NULL, '2026-06-17 13:18:47', 'out', 'Order #113 Status: ชำระแล้ว'),
(39, 105, 1, NULL, '2026-06-17 13:18:47', 'out', 'Order #113 Status: ชำระแล้ว'),
(40, 47, 1, NULL, '2026-06-17 13:18:57', 'out', 'Order #110 Status: ชำระแล้ว'),
(41, 106, 1, NULL, '2026-06-17 13:18:57', 'out', 'Order #110 Status: ชำระแล้ว'),
(42, 44, 1, NULL, '2026-06-17 13:18:57', 'out', 'Order #110 Status: ชำระแล้ว'),
(43, 120, 1, NULL, '2026-06-17 13:18:57', 'out', 'Order #110 Status: ชำระแล้ว'),
(44, 47, 1, NULL, '2026-06-17 13:18:57', 'out', 'Order #110 Status: ชำระแล้ว'),
(45, 124, 0, NULL, '2026-06-17 13:21:49', 'in', 'ยกเลิกบิลโดย: admin1 | เหตุผล: '),
(46, 47, 0, NULL, '2026-06-17 13:21:49', 'in', 'ยกเลิกบิลโดย: admin1 | เหตุผล: '),
(47, 124, 0, NULL, '2026-06-17 13:21:49', 'in', 'ยกเลิกบิลโดย: admin1 | เหตุผล: '),
(48, 47, 0, NULL, '2026-06-17 13:21:49', 'in', 'ยกเลิกบิลโดย: admin1 | เหตุผล: '),
(49, 124, 0, NULL, '2026-06-17 13:21:49', 'in', 'ยกเลิกบิลโดย: admin1 | เหตุผล: '),
(50, 47, 0, NULL, '2026-06-17 13:21:49', 'in', 'ยกเลิกบิลโดย: admin1 | เหตุผล: '),
(51, 124, 0, NULL, '2026-06-17 13:21:49', 'in', 'ยกเลิกบิลโดย: admin1 | เหตุผล: '),
(52, 47, 0, NULL, '2026-06-17 13:21:49', 'in', 'ยกเลิกบิลโดย: admin1 | เหตุผล: '),
(53, 45, 1, NULL, '2026-06-17 13:34:31', 'out', 'Order #118 Status: ชำระแล้ว'),
(54, 101, 3, NULL, '2026-06-17 13:34:31', 'out', 'Order #118 Status: ชำระแล้ว'),
(55, 106, 1, NULL, '2026-06-17 13:34:31', 'out', 'Order #118 Status: ชำระแล้ว'),
(56, 47, 1, NULL, '2026-06-17 13:34:31', 'out', 'Order #118 Status: ชำระแล้ว'),
(57, 45, 1, NULL, '2026-06-17 13:34:31', 'out', 'Order #118 Status: ชำระแล้ว'),
(58, 101, 3, NULL, '2026-06-17 13:34:31', 'out', 'Order #118 Status: ชำระแล้ว'),
(59, 106, 1, NULL, '2026-06-17 13:34:31', 'out', 'Order #118 Status: ชำระแล้ว'),
(60, 47, 1, NULL, '2026-06-17 13:34:31', 'out', 'Order #118 Status: ชำระแล้ว'),
(61, 45, 1, NULL, '2026-06-17 13:34:31', 'out', 'Order #118 Status: ชำระแล้ว'),
(62, 101, 3, NULL, '2026-06-17 13:34:31', 'out', 'Order #118 Status: ชำระแล้ว'),
(63, 106, 1, NULL, '2026-06-17 13:34:31', 'out', 'Order #118 Status: ชำระแล้ว'),
(64, 47, 1, NULL, '2026-06-17 13:34:31', 'out', 'Order #118 Status: ชำระแล้ว'),
(65, 45, 1, NULL, '2026-06-17 13:34:31', 'out', 'Order #118 Status: ชำระแล้ว'),
(66, 101, 3, NULL, '2026-06-17 13:34:31', 'out', 'Order #118 Status: ชำระแล้ว'),
(67, 106, 1, NULL, '2026-06-17 13:34:31', 'out', 'Order #118 Status: ชำระแล้ว'),
(68, 47, 1, NULL, '2026-06-17 13:34:31', 'out', 'Order #118 Status: ชำระแล้ว'),
(69, 45, 1, NULL, '2026-06-17 13:34:31', 'out', 'Order #118 Status: ชำระแล้ว'),
(70, 101, 3, NULL, '2026-06-17 13:34:31', 'out', 'Order #118 Status: ชำระแล้ว'),
(71, 106, 1, NULL, '2026-06-17 13:34:31', 'out', 'Order #118 Status: ชำระแล้ว'),
(72, 47, 1, NULL, '2026-06-17 13:34:31', 'out', 'Order #118 Status: ชำระแล้ว'),
(73, 45, 1, NULL, '2026-06-17 13:34:31', 'out', 'Order #118 Status: ชำระแล้ว'),
(74, 101, 3, NULL, '2026-06-17 13:34:31', 'out', 'Order #118 Status: ชำระแล้ว'),
(75, 106, 1, NULL, '2026-06-17 13:34:31', 'out', 'Order #118 Status: ชำระแล้ว'),
(76, 47, 1, NULL, '2026-06-17 13:34:31', 'out', 'Order #118 Status: ชำระแล้ว'),
(77, 45, 1, NULL, '2026-06-17 13:34:31', 'out', 'Order #118 Status: ชำระแล้ว'),
(78, 101, 3, NULL, '2026-06-17 13:34:31', 'out', 'Order #118 Status: ชำระแล้ว'),
(79, 106, 1, NULL, '2026-06-17 13:34:31', 'out', 'Order #118 Status: ชำระแล้ว'),
(80, 47, 1, NULL, '2026-06-17 13:34:31', 'out', 'Order #118 Status: ชำระแล้ว'),
(81, 45, 1, NULL, '2026-06-17 13:34:31', 'out', 'Order #118 Status: ชำระแล้ว'),
(82, 101, 3, NULL, '2026-06-17 13:34:31', 'out', 'Order #118 Status: ชำระแล้ว'),
(83, 106, 1, NULL, '2026-06-17 13:34:31', 'out', 'Order #118 Status: ชำระแล้ว'),
(84, 47, 1, NULL, '2026-06-17 13:34:31', 'out', 'Order #118 Status: ชำระแล้ว'),
(85, 45, 1, NULL, '2026-06-17 13:34:31', 'out', 'Order #118 Status: ชำระแล้ว'),
(86, 101, 2, NULL, '2026-06-17 13:34:31', 'out', 'Order #118 Status: ชำระแล้ว'),
(87, 106, 1, NULL, '2026-06-17 13:34:31', 'out', 'Order #118 Status: ชำระแล้ว'),
(88, 47, 1, NULL, '2026-06-17 13:34:31', 'out', 'Order #118 Status: ชำระแล้ว'),
(89, 45, 1, NULL, '2026-06-17 13:34:31', 'out', 'Order #118 Status: ชำระแล้ว'),
(90, 101, 3, NULL, '2026-06-17 13:34:31', 'out', 'Order #118 Status: ชำระแล้ว'),
(91, 106, 1, NULL, '2026-06-17 13:34:31', 'out', 'Order #118 Status: ชำระแล้ว'),
(92, 47, 1, NULL, '2026-06-17 13:34:31', 'out', 'Order #118 Status: ชำระแล้ว'),
(93, 45, 1, NULL, '2026-06-17 13:34:31', 'out', 'Order #118 Status: ชำระแล้ว'),
(94, 101, 3, NULL, '2026-06-17 13:34:31', 'out', 'Order #118 Status: ชำระแล้ว'),
(95, 106, 1, NULL, '2026-06-17 13:34:31', 'out', 'Order #118 Status: ชำระแล้ว'),
(96, 47, 1, NULL, '2026-06-17 13:34:31', 'out', 'Order #118 Status: ชำระแล้ว'),
(97, 45, 1, NULL, '2026-06-17 13:34:31', 'out', 'Order #118 Status: ชำระแล้ว'),
(98, 101, 3, NULL, '2026-06-17 13:34:31', 'out', 'Order #118 Status: ชำระแล้ว'),
(99, 106, 1, NULL, '2026-06-17 13:34:31', 'out', 'Order #118 Status: ชำระแล้ว'),
(100, 47, 1, NULL, '2026-06-17 13:34:31', 'out', 'Order #118 Status: ชำระแล้ว'),
(101, 45, 1, NULL, '2026-06-17 13:34:31', 'out', 'Order #118 Status: ชำระแล้ว'),
(102, 101, 3, NULL, '2026-06-17 13:34:31', 'out', 'Order #118 Status: ชำระแล้ว'),
(103, 106, 1, NULL, '2026-06-17 13:34:31', 'out', 'Order #118 Status: ชำระแล้ว'),
(104, 47, 1, NULL, '2026-06-17 13:34:31', 'out', 'Order #118 Status: ชำระแล้ว'),
(105, 45, 1, NULL, '2026-06-17 13:34:31', 'out', 'Order #118 Status: ชำระแล้ว'),
(106, 101, 3, NULL, '2026-06-17 13:34:31', 'out', 'Order #118 Status: ชำระแล้ว'),
(107, 106, 1, NULL, '2026-06-17 13:34:31', 'out', 'Order #118 Status: ชำระแล้ว'),
(108, 47, 1, NULL, '2026-06-17 13:34:31', 'out', 'Order #118 Status: ชำระแล้ว'),
(109, 45, 1, NULL, '2026-06-17 13:34:31', 'out', 'Order #118 Status: ชำระแล้ว'),
(110, 101, 3, NULL, '2026-06-17 13:34:31', 'out', 'Order #118 Status: ชำระแล้ว'),
(111, 106, 1, NULL, '2026-06-17 13:34:31', 'out', 'Order #118 Status: ชำระแล้ว'),
(112, 47, 1, NULL, '2026-06-17 13:34:31', 'out', 'Order #118 Status: ชำระแล้ว'),
(113, 45, 1, NULL, '2026-06-17 13:34:31', 'out', 'Order #118 Status: ชำระแล้ว'),
(114, 101, 3, NULL, '2026-06-17 13:34:31', 'out', 'Order #118 Status: ชำระแล้ว'),
(115, 106, 1, NULL, '2026-06-17 13:34:31', 'out', 'Order #118 Status: ชำระแล้ว'),
(116, 47, 1, NULL, '2026-06-17 13:34:31', 'out', 'Order #118 Status: ชำระแล้ว'),
(117, 45, 1, NULL, '2026-06-17 13:34:31', 'out', 'Order #118 Status: ชำระแล้ว'),
(118, 101, 3, NULL, '2026-06-17 13:34:31', 'out', 'Order #118 Status: ชำระแล้ว'),
(119, 106, 1, NULL, '2026-06-17 13:34:31', 'out', 'Order #118 Status: ชำระแล้ว'),
(120, 47, 1, NULL, '2026-06-17 13:34:31', 'out', 'Order #118 Status: ชำระแล้ว'),
(121, 45, 1, NULL, '2026-06-17 13:34:31', 'out', 'Order #118 Status: ชำระแล้ว'),
(122, 101, 3, NULL, '2026-06-17 13:34:31', 'out', 'Order #118 Status: ชำระแล้ว'),
(123, 106, 1, NULL, '2026-06-17 13:34:31', 'out', 'Order #118 Status: ชำระแล้ว'),
(124, 47, 1, NULL, '2026-06-17 13:34:31', 'out', 'Order #118 Status: ชำระแล้ว'),
(125, 45, 1, NULL, '2026-06-17 13:34:31', 'out', 'Order #118 Status: ชำระแล้ว'),
(126, 101, 3, NULL, '2026-06-17 13:34:31', 'out', 'Order #118 Status: ชำระแล้ว'),
(127, 106, 1, NULL, '2026-06-17 13:34:31', 'out', 'Order #118 Status: ชำระแล้ว'),
(128, 47, 1, NULL, '2026-06-17 13:34:31', 'out', 'Order #118 Status: ชำระแล้ว'),
(129, 45, 1, NULL, '2026-06-17 13:34:31', 'out', 'Order #118 Status: ชำระแล้ว'),
(130, 101, 3, NULL, '2026-06-17 13:34:31', 'out', 'Order #118 Status: ชำระแล้ว'),
(131, 106, 1, NULL, '2026-06-17 13:34:31', 'out', 'Order #118 Status: ชำระแล้ว'),
(132, 47, 1, NULL, '2026-06-17 13:34:31', 'out', 'Order #118 Status: ชำระแล้ว'),
(133, 45, 1, NULL, '2026-06-17 13:34:31', 'out', 'Order #118 Status: ชำระแล้ว'),
(134, 101, 3, NULL, '2026-06-17 13:34:31', 'out', 'Order #118 Status: ชำระแล้ว'),
(135, 106, 1, NULL, '2026-06-17 13:34:31', 'out', 'Order #118 Status: ชำระแล้ว'),
(136, 47, 1, NULL, '2026-06-17 13:34:31', 'out', 'Order #118 Status: ชำระแล้ว'),
(137, 45, 1, NULL, '2026-06-17 13:34:31', 'out', 'Order #118 Status: ชำระแล้ว'),
(138, 101, 3, NULL, '2026-06-17 13:34:31', 'out', 'Order #118 Status: ชำระแล้ว'),
(139, 106, 1, NULL, '2026-06-17 13:34:31', 'out', 'Order #118 Status: ชำระแล้ว'),
(140, 47, 1, NULL, '2026-06-17 13:34:31', 'out', 'Order #118 Status: ชำระแล้ว'),
(141, 45, 1, NULL, '2026-06-17 13:34:31', 'out', 'Order #118 Status: ชำระแล้ว'),
(142, 101, 3, NULL, '2026-06-17 13:34:31', 'out', 'Order #118 Status: ชำระแล้ว'),
(143, 106, 1, NULL, '2026-06-17 13:34:31', 'out', 'Order #118 Status: ชำระแล้ว'),
(144, 47, 1, NULL, '2026-06-17 13:34:31', 'out', 'Order #118 Status: ชำระแล้ว'),
(145, 45, 1, NULL, '2026-06-17 13:34:31', 'out', 'Order #118 Status: ชำระแล้ว'),
(146, 101, 3, NULL, '2026-06-17 13:34:31', 'out', 'Order #118 Status: ชำระแล้ว'),
(147, 106, 1, NULL, '2026-06-17 13:34:31', 'out', 'Order #118 Status: ชำระแล้ว'),
(148, 47, 1, NULL, '2026-06-17 13:34:31', 'out', 'Order #118 Status: ชำระแล้ว'),
(149, 45, 1, NULL, '2026-06-17 13:34:31', 'out', 'Order #118 Status: ชำระแล้ว'),
(150, 101, 3, NULL, '2026-06-17 13:34:31', 'out', 'Order #118 Status: ชำระแล้ว'),
(151, 106, 1, NULL, '2026-06-17 13:34:31', 'out', 'Order #118 Status: ชำระแล้ว'),
(152, 47, 1, NULL, '2026-06-17 13:34:31', 'out', 'Order #118 Status: ชำระแล้ว'),
(153, 45, 1, NULL, '2026-06-17 13:34:31', 'out', 'Order #118 Status: ชำระแล้ว'),
(154, 101, 3, NULL, '2026-06-17 13:34:31', 'out', 'Order #118 Status: ชำระแล้ว'),
(155, 106, 1, NULL, '2026-06-17 13:34:31', 'out', 'Order #118 Status: ชำระแล้ว'),
(156, 47, 1, NULL, '2026-06-17 13:34:31', 'out', 'Order #118 Status: ชำระแล้ว'),
(157, 45, 1, NULL, '2026-06-17 13:34:31', 'out', 'Order #118 Status: ชำระแล้ว'),
(158, 101, 3, NULL, '2026-06-17 13:34:31', 'out', 'Order #118 Status: ชำระแล้ว'),
(159, 106, 1, NULL, '2026-06-17 13:34:31', 'out', 'Order #118 Status: ชำระแล้ว'),
(160, 47, 1, NULL, '2026-06-17 13:34:31', 'out', 'Order #118 Status: ชำระแล้ว'),
(161, 45, 1, NULL, '2026-06-17 13:34:31', 'out', 'Order #118 Status: ชำระแล้ว'),
(162, 101, 3, NULL, '2026-06-17 13:34:31', 'out', 'Order #118 Status: ชำระแล้ว'),
(163, 106, 1, NULL, '2026-06-17 13:34:31', 'out', 'Order #118 Status: ชำระแล้ว'),
(164, 47, 1, NULL, '2026-06-17 13:34:31', 'out', 'Order #118 Status: ชำระแล้ว'),
(165, 45, 1, NULL, '2026-06-17 13:34:31', 'out', 'Order #118 Status: ชำระแล้ว'),
(166, 101, 3, NULL, '2026-06-17 13:34:31', 'out', 'Order #118 Status: ชำระแล้ว'),
(167, 106, 1, NULL, '2026-06-17 13:34:31', 'out', 'Order #118 Status: ชำระแล้ว'),
(168, 47, 1, NULL, '2026-06-17 13:34:31', 'out', 'Order #118 Status: ชำระแล้ว'),
(169, 45, 1, NULL, '2026-06-17 13:34:31', 'out', 'Order #118 Status: ชำระแล้ว'),
(170, 101, 3, NULL, '2026-06-17 13:34:31', 'out', 'Order #118 Status: ชำระแล้ว'),
(171, 106, 1, NULL, '2026-06-17 13:34:31', 'out', 'Order #118 Status: ชำระแล้ว'),
(172, 47, 1, NULL, '2026-06-17 13:34:31', 'out', 'Order #118 Status: ชำระแล้ว'),
(173, 45, 1, NULL, '2026-06-17 13:34:31', 'out', 'Order #118 Status: ชำระแล้ว'),
(174, 101, 3, NULL, '2026-06-17 13:34:31', 'out', 'Order #118 Status: ชำระแล้ว'),
(175, 106, 1, NULL, '2026-06-17 13:34:31', 'out', 'Order #118 Status: ชำระแล้ว'),
(176, 47, 1, NULL, '2026-06-17 13:34:31', 'out', 'Order #118 Status: ชำระแล้ว'),
(177, 45, 1, NULL, '2026-06-17 13:34:31', 'out', 'Order #118 Status: ชำระแล้ว'),
(178, 101, 3, NULL, '2026-06-17 13:34:31', 'out', 'Order #118 Status: ชำระแล้ว'),
(179, 106, 1, NULL, '2026-06-17 13:34:31', 'out', 'Order #118 Status: ชำระแล้ว'),
(180, 47, 1, NULL, '2026-06-17 13:34:31', 'out', 'Order #118 Status: ชำระแล้ว'),
(181, 45, 1, NULL, '2026-06-17 13:34:31', 'out', 'Order #118 Status: ชำระแล้ว'),
(182, 101, 3, NULL, '2026-06-17 13:34:31', 'out', 'Order #118 Status: ชำระแล้ว'),
(183, 106, 1, NULL, '2026-06-17 13:34:31', 'out', 'Order #118 Status: ชำระแล้ว'),
(184, 47, 1, NULL, '2026-06-17 13:34:31', 'out', 'Order #118 Status: ชำระแล้ว'),
(185, 45, 1, NULL, '2026-06-17 13:34:31', 'out', 'Order #118 Status: ชำระแล้ว'),
(186, 101, 3, NULL, '2026-06-17 13:34:31', 'out', 'Order #118 Status: ชำระแล้ว'),
(187, 106, 1, NULL, '2026-06-17 13:34:31', 'out', 'Order #118 Status: ชำระแล้ว'),
(188, 47, 1, NULL, '2026-06-17 13:34:31', 'out', 'Order #118 Status: ชำระแล้ว'),
(189, 45, 1, NULL, '2026-06-17 13:34:31', 'out', 'Order #118 Status: ชำระแล้ว'),
(190, 101, 3, NULL, '2026-06-17 13:34:31', 'out', 'Order #118 Status: ชำระแล้ว'),
(191, 106, 1, NULL, '2026-06-17 13:34:31', 'out', 'Order #118 Status: ชำระแล้ว'),
(192, 47, 1, NULL, '2026-06-17 13:34:31', 'out', 'Order #118 Status: ชำระแล้ว'),
(193, 45, 1, NULL, '2026-06-17 13:34:31', 'out', 'Order #118 Status: ชำระแล้ว'),
(194, 101, 3, NULL, '2026-06-17 13:34:31', 'out', 'Order #118 Status: ชำระแล้ว'),
(195, 106, 1, NULL, '2026-06-17 13:34:31', 'out', 'Order #118 Status: ชำระแล้ว'),
(196, 47, 1, NULL, '2026-06-17 13:34:31', 'out', 'Order #118 Status: ชำระแล้ว'),
(197, 45, 1, NULL, '2026-06-17 13:34:31', 'out', 'Order #118 Status: ชำระแล้ว'),
(198, 101, 3, NULL, '2026-06-17 13:34:31', 'out', 'Order #118 Status: ชำระแล้ว'),
(199, 106, 1, NULL, '2026-06-17 13:34:31', 'out', 'Order #118 Status: ชำระแล้ว'),
(200, 47, 1, NULL, '2026-06-17 13:34:31', 'out', 'Order #118 Status: ชำระแล้ว'),
(201, 45, 1, NULL, '2026-06-17 13:34:31', 'out', 'Order #118 Status: ชำระแล้ว'),
(202, 101, 3, NULL, '2026-06-17 13:34:31', 'out', 'Order #118 Status: ชำระแล้ว'),
(203, 106, 1, NULL, '2026-06-17 13:34:31', 'out', 'Order #118 Status: ชำระแล้ว'),
(204, 47, 1, NULL, '2026-06-17 13:34:31', 'out', 'Order #118 Status: ชำระแล้ว'),
(205, 45, 1, NULL, '2026-06-17 13:34:31', 'out', 'Order #118 Status: ชำระแล้ว'),
(206, 101, 3, NULL, '2026-06-17 13:34:31', 'out', 'Order #118 Status: ชำระแล้ว'),
(207, 106, 1, NULL, '2026-06-17 13:34:31', 'out', 'Order #118 Status: ชำระแล้ว'),
(208, 47, 1, NULL, '2026-06-17 13:34:31', 'out', 'Order #118 Status: ชำระแล้ว'),
(209, 45, 1, NULL, '2026-06-17 13:34:31', 'out', 'Order #118 Status: ชำระแล้ว'),
(210, 101, 3, NULL, '2026-06-17 13:34:31', 'out', 'Order #118 Status: ชำระแล้ว'),
(211, 106, 1, NULL, '2026-06-17 13:34:31', 'out', 'Order #118 Status: ชำระแล้ว'),
(212, 47, 1, NULL, '2026-06-17 13:34:31', 'out', 'Order #118 Status: ชำระแล้ว'),
(213, 45, 1, NULL, '2026-06-17 13:34:31', 'out', 'Order #118 Status: ชำระแล้ว'),
(214, 101, 3, NULL, '2026-06-17 13:34:31', 'out', 'Order #118 Status: ชำระแล้ว'),
(215, 106, 1, NULL, '2026-06-17 13:34:31', 'out', 'Order #118 Status: ชำระแล้ว'),
(216, 47, 1, NULL, '2026-06-17 13:34:31', 'out', 'Order #118 Status: ชำระแล้ว'),
(217, 45, 1, NULL, '2026-06-17 13:34:31', 'out', 'Order #118 Status: ชำระแล้ว'),
(218, 101, 3, NULL, '2026-06-17 13:34:31', 'out', 'Order #118 Status: ชำระแล้ว'),
(219, 106, 1, NULL, '2026-06-17 13:34:31', 'out', 'Order #118 Status: ชำระแล้ว'),
(220, 47, 1, NULL, '2026-06-17 13:34:31', 'out', 'Order #118 Status: ชำระแล้ว'),
(221, 47, 1, NULL, '2026-06-17 13:34:31', 'out', 'Order #118 Status: ชำระแล้ว'),
(222, 47, 1, NULL, '2026-06-17 13:34:31', 'out', 'Order #118 Status: ชำระแล้ว'),
(223, 47, 1, NULL, '2026-06-17 13:34:31', 'out', 'Order #118 Status: ชำระแล้ว'),
(224, 45, 1, NULL, '2026-06-17 13:36:23', 'out', 'Order #133 Status: ชำระแล้ว'),
(225, 101, 3, NULL, '2026-06-17 13:36:23', 'out', 'Order #133 Status: ชำระแล้ว'),
(226, 106, 1, NULL, '2026-06-17 13:36:23', 'out', 'Order #133 Status: ชำระแล้ว'),
(227, 47, 1, NULL, '2026-06-17 13:36:23', 'out', 'Order #133 Status: ชำระแล้ว'),
(228, 128, 0, NULL, '2026-06-17 13:36:58', 'in', 'ยกเลิกบิลโดย: admin1 | เหตุผล: '),
(229, 126, 0, NULL, '2026-06-17 13:36:58', 'in', 'ยกเลิกบิลโดย: admin1 | เหตุผล: '),
(230, 127, 0, NULL, '2026-06-17 13:36:58', 'in', 'ยกเลิกบิลโดย: admin1 | เหตุผล: '),
(231, 128, 0, NULL, '2026-06-17 13:36:58', 'in', 'ยกเลิกบิลโดย: admin1 | เหตุผล: '),
(232, 126, 0, NULL, '2026-06-17 13:36:58', 'in', 'ยกเลิกบิลโดย: admin1 | เหตุผล: '),
(233, 127, 0, NULL, '2026-06-17 13:36:58', 'in', 'ยกเลิกบิลโดย: admin1 | เหตุผล: '),
(234, 47, 1, NULL, '2026-06-17 13:38:41', 'out', 'Order #112 Status: ชำระแล้ว'),
(235, 120, 1, NULL, '2026-06-17 13:38:41', 'out', 'Order #112 Status: ชำระแล้ว'),
(236, 101, 2, NULL, '2026-06-17 13:38:41', 'out', 'Order #112 Status: ชำระแล้ว'),
(237, 108, 1, NULL, '2026-06-17 13:38:41', 'out', 'Order #112 Status: ชำระแล้ว'),
(238, 104, 1, NULL, '2026-06-17 13:38:41', 'out', 'Order #112 Status: ชำระแล้ว'),
(239, 48, 1, NULL, '2026-06-17 13:38:41', 'out', 'Order #112 Status: ชำระแล้ว'),
(240, 101, 2, NULL, '2026-06-17 13:38:41', 'out', 'Order #112 Status: ชำระแล้ว'),
(241, 47, 1, NULL, '2026-06-17 13:38:41', 'out', 'Order #112 Status: ชำระแล้ว'),
(242, 101, 2, NULL, '2026-06-17 13:38:41', 'out', 'Order #112 Status: ชำระแล้ว'),
(243, 101, 2, NULL, '2026-06-17 13:38:41', 'out', 'Order #112 Status: ชำระแล้ว'),
(244, 101, 2, NULL, '2026-06-17 13:38:41', 'out', 'Order #112 Status: ชำระแล้ว'),
(245, 101, 2, NULL, '2026-06-17 13:38:41', 'out', 'Order #112 Status: ชำระแล้ว'),
(246, 101, 2, NULL, '2026-06-17 13:38:41', 'out', 'Order #112 Status: ชำระแล้ว'),
(247, 101, 2, NULL, '2026-06-17 13:38:41', 'out', 'Order #112 Status: ชำระแล้ว'),
(248, 101, 2, NULL, '2026-06-17 13:38:41', 'out', 'Order #112 Status: ชำระแล้ว'),
(249, 101, 2, NULL, '2026-06-17 13:38:41', 'out', 'Order #112 Status: ชำระแล้ว'),
(250, 101, 2, NULL, '2026-06-17 13:38:41', 'out', 'Order #112 Status: ชำระแล้ว'),
(251, 101, 2, NULL, '2026-06-17 13:38:41', 'out', 'Order #112 Status: ชำระแล้ว'),
(252, 101, 2, NULL, '2026-06-17 13:38:41', 'out', 'Order #112 Status: ชำระแล้ว'),
(253, 101, 2, NULL, '2026-06-17 13:38:41', 'out', 'Order #112 Status: ชำระแล้ว'),
(254, 101, 2, NULL, '2026-06-17 13:38:41', 'out', 'Order #112 Status: ชำระแล้ว'),
(255, 101, 2, NULL, '2026-06-17 13:38:41', 'out', 'Order #112 Status: ชำระแล้ว'),
(256, 101, 2, NULL, '2026-06-17 13:38:41', 'out', 'Order #112 Status: ชำระแล้ว'),
(257, 101, 2, NULL, '2026-06-17 13:38:41', 'out', 'Order #112 Status: ชำระแล้ว'),
(258, 101, 2, NULL, '2026-06-17 13:38:41', 'out', 'Order #112 Status: ชำระแล้ว'),
(259, 101, 2, NULL, '2026-06-17 13:38:41', 'out', 'Order #112 Status: ชำระแล้ว'),
(260, 101, 2, NULL, '2026-06-17 13:38:41', 'out', 'Order #112 Status: ชำระแล้ว'),
(261, 101, 2, NULL, '2026-06-17 13:38:41', 'out', 'Order #112 Status: ชำระแล้ว'),
(262, 101, 2, NULL, '2026-06-17 13:38:41', 'out', 'Order #112 Status: ชำระแล้ว'),
(263, 101, 2, NULL, '2026-06-17 13:38:41', 'out', 'Order #112 Status: ชำระแล้ว'),
(264, 101, 2, NULL, '2026-06-17 13:38:41', 'out', 'Order #112 Status: ชำระแล้ว'),
(265, 101, 2, NULL, '2026-06-17 13:38:41', 'out', 'Order #112 Status: ชำระแล้ว'),
(266, 104, 1, NULL, '2026-06-17 13:38:41', 'out', 'Order #112 Status: ชำระแล้ว'),
(267, 108, 1, NULL, '2026-06-17 13:38:41', 'out', 'Order #112 Status: ชำระแล้ว'),
(268, 48, 1, NULL, '2026-06-17 13:38:41', 'out', 'Order #112 Status: ชำระแล้ว'),
(269, 105, 1, NULL, '2026-06-17 13:41:53', 'out', 'Order #111 Status: ชำระแล้ว'),
(270, 101, 1, NULL, '2026-06-17 13:41:53', 'out', 'Order #111 Status: ชำระแล้ว'),
(271, 48, 1, NULL, '2026-06-17 13:41:53', 'out', 'Order #111 Status: ชำระแล้ว'),
(272, 120, 1, NULL, '2026-06-17 13:41:53', 'out', 'Order #111 Status: ชำระแล้ว'),
(273, 48, 1, NULL, '2026-06-17 13:41:53', 'out', 'Order #111 Status: ชำระแล้ว'),
(274, 101, 1, NULL, '2026-06-17 13:41:53', 'out', 'Order #111 Status: ชำระแล้ว'),
(275, 47, 1, NULL, '2026-06-17 13:41:53', 'out', 'Order #111 Status: ชำระแล้ว'),
(276, 108, 2, NULL, '2026-06-17 14:13:34', 'out', 'Order #119 Status: ชำระแล้ว'),
(277, 48, 1, NULL, '2026-06-17 14:13:34', 'out', 'Order #119 Status: ชำระแล้ว'),
(278, 105, 1, NULL, '2026-06-17 14:13:34', 'out', 'Order #119 Status: ชำระแล้ว'),
(279, 107, 1, NULL, '2026-06-17 14:13:34', 'out', 'Order #119 Status: ชำระแล้ว'),
(280, 48, 1, NULL, '2026-06-17 14:13:34', 'out', 'Order #119 Status: ชำระแล้ว'),
(281, 108, 1, NULL, '2026-06-17 14:17:27', 'out', 'Order #106 Status: ชำระแล้ว'),
(282, 45, 1, NULL, '2026-06-17 14:17:27', 'out', 'Order #106 Status: ชำระแล้ว'),
(283, 106, 1, NULL, '2026-06-17 14:17:27', 'out', 'Order #106 Status: ชำระแล้ว'),
(284, 105, 1, NULL, '2026-06-17 14:17:27', 'out', 'Order #106 Status: ชำระแล้ว'),
(285, 47, 1, NULL, '2026-06-17 14:17:27', 'out', 'Order #106 Status: ชำระแล้ว'),
(286, 47, 1, NULL, '2026-06-17 14:17:27', 'out', 'Order #106 Status: ชำระแล้ว'),
(287, 47, 1, NULL, '2026-06-17 14:17:27', 'out', 'Order #106 Status: ชำระแล้ว'),
(288, 23, 1, NULL, '2026-06-17 14:22:42', 'out', 'Order #121 Status: ชำระแล้ว'),
(289, 106, 1, NULL, '2026-06-17 14:22:42', 'out', 'Order #121 Status: ชำระแล้ว'),
(290, 48, 1, NULL, '2026-06-17 14:22:42', 'out', 'Order #121 Status: ชำระแล้ว'),
(291, 46, 1, NULL, '2026-06-17 14:22:42', 'out', 'Order #121 Status: ชำระแล้ว'),
(292, 106, 1, NULL, '2026-06-17 14:22:42', 'out', 'Order #121 Status: ชำระแล้ว'),
(293, 47, 1, NULL, '2026-06-17 14:40:13', 'out', 'Order #124 Status: ชำระแล้ว'),
(294, 105, 1, NULL, '2026-06-17 14:40:13', 'out', 'Order #124 Status: ชำระแล้ว'),
(295, 102, 1, NULL, '2026-06-17 14:40:13', 'out', 'Order #124 Status: ชำระแล้ว'),
(296, 47, 1, NULL, '2026-06-17 14:40:43', 'out', 'Order #120 Status: ชำระแล้ว'),
(297, 107, 1, NULL, '2026-06-17 14:40:43', 'out', 'Order #120 Status: ชำระแล้ว'),
(298, 105, 1, NULL, '2026-06-17 14:40:43', 'out', 'Order #120 Status: ชำระแล้ว'),
(299, 47, 1, NULL, '2026-06-17 14:40:43', 'out', 'Order #120 Status: ชำระแล้ว'),
(300, 42, 1, NULL, '2026-06-17 14:46:30', 'out', 'Order #117 Status: ชำระแล้ว'),
(301, 48, 1, NULL, '2026-06-17 14:46:30', 'out', 'Order #117 Status: ชำระแล้ว'),
(302, 108, 2, NULL, '2026-06-17 14:46:30', 'out', 'Order #117 Status: ชำระแล้ว'),
(303, 106, 1, NULL, '2026-06-17 14:46:30', 'out', 'Order #117 Status: ชำระแล้ว'),
(304, 105, 1, NULL, '2026-06-17 14:46:30', 'out', 'Order #117 Status: ชำระแล้ว'),
(305, 46, 1, NULL, '2026-06-17 14:46:30', 'out', 'Order #117 Status: ชำระแล้ว'),
(306, 108, 1, NULL, '2026-06-17 14:46:30', 'out', 'Order #117 Status: ชำระแล้ว'),
(307, 47, 1, NULL, '2026-06-17 14:46:30', 'out', 'Order #117 Status: ชำระแล้ว'),
(308, 44, 1, NULL, '2026-06-17 15:02:45', 'out', 'Order #135 Status: ชำระแล้ว'),
(309, 104, 1, NULL, '2026-06-17 15:02:45', 'out', 'Order #135 Status: ชำระแล้ว'),
(310, 47, 1, NULL, '2026-06-17 15:02:45', 'out', 'Order #135 Status: ชำระแล้ว'),
(311, 124, 1, NULL, '2026-06-17 15:14:39', 'out', 'Order #128 Status: ชำระแล้ว'),
(312, 47, 1, NULL, '2026-06-17 15:14:39', 'out', 'Order #128 Status: ชำระแล้ว'),
(313, 23, 1, NULL, '2026-06-17 15:14:39', 'out', 'Order #128 Status: ชำระแล้ว'),
(314, 47, 1, NULL, '2026-06-17 15:14:39', 'out', 'Order #128 Status: ชำระแล้ว'),
(315, 108, 1, NULL, '2026-06-17 15:35:18', 'out', 'Order #138 Status: ชำระแล้ว'),
(316, 47, 1, NULL, '2026-06-17 15:35:18', 'out', 'Order #138 Status: ชำระแล้ว'),
(317, 44, 1, NULL, '2026-06-17 15:36:11', 'out', 'Order #142 Status: ชำระแล้ว'),
(318, 108, 1, NULL, '2026-06-17 16:04:21', 'out', 'Order #115 Status: ชำระแล้ว'),
(319, 47, 1, NULL, '2026-06-17 16:04:21', 'out', 'Order #115 Status: ชำระแล้ว'),
(320, 47, 1, NULL, '2026-06-17 16:04:21', 'out', 'Order #115 Status: ชำระแล้ว'),
(321, 126, 1, NULL, '2026-06-17 16:04:21', 'out', 'Order #115 Status: ชำระแล้ว'),
(322, 47, 1, NULL, '2026-06-17 16:04:21', 'out', 'Order #115 Status: ชำระแล้ว'),
(323, 108, 1, NULL, '2026-06-17 16:04:21', 'out', 'Order #115 Status: ชำระแล้ว'),
(324, 108, 1, NULL, '2026-06-17 16:04:21', 'out', 'Order #115 Status: ชำระแล้ว'),
(325, 47, 1, NULL, '2026-06-17 16:04:21', 'out', 'Order #115 Status: ชำระแล้ว'),
(326, 108, 1, NULL, '2026-06-17 16:11:04', 'out', 'Order #137 Status: ชำระแล้ว'),
(327, 47, 1, NULL, '2026-06-17 16:11:04', 'out', 'Order #137 Status: ชำระแล้ว'),
(328, 104, 1, NULL, '2026-06-17 16:25:19', 'out', 'Order #114 Status: ชำระแล้ว'),
(329, 48, 1, NULL, '2026-06-17 16:25:19', 'out', 'Order #114 Status: ชำระแล้ว'),
(330, 23, 1, NULL, '2026-06-17 16:25:19', 'out', 'Order #114 Status: ชำระแล้ว'),
(331, 108, 1, NULL, '2026-06-17 16:25:19', 'out', 'Order #114 Status: ชำระแล้ว'),
(332, 46, 1, NULL, '2026-06-17 16:25:19', 'out', 'Order #114 Status: ชำระแล้ว'),
(333, 108, 1, NULL, '2026-06-17 16:25:19', 'out', 'Order #114 Status: ชำระแล้ว'),
(334, 108, 1, NULL, '2026-06-17 16:40:57', 'out', 'Order #140 Status: ชำระแล้ว'),
(335, 47, 1, NULL, '2026-06-17 16:40:57', 'out', 'Order #140 Status: ชำระแล้ว'),
(336, 46, 1, NULL, '2026-06-17 16:40:57', 'out', 'Order #140 Status: ชำระแล้ว'),
(337, 101, 2, NULL, '2026-06-17 16:42:50', 'out', 'Order #143 Status: ชำระแล้ว'),
(338, 105, 1, NULL, '2026-06-17 16:42:50', 'out', 'Order #143 Status: ชำระแล้ว'),
(339, 46, 1, NULL, '2026-06-17 16:42:50', 'out', 'Order #143 Status: ชำระแล้ว'),
(340, 47, 1, NULL, '2026-06-17 16:42:50', 'out', 'Order #143 Status: ชำระแล้ว'),
(341, 101, 1, NULL, '2026-06-17 16:42:50', 'out', 'Order #143 Status: ชำระแล้ว'),
(342, 108, 1, NULL, '2026-06-17 16:44:26', 'out', 'Order #136 Status: ชำระแล้ว'),
(343, 47, 1, NULL, '2026-06-17 16:44:26', 'out', 'Order #136 Status: ชำระแล้ว'),
(344, 107, 1, NULL, '2026-06-17 16:44:26', 'out', 'Order #136 Status: ชำระแล้ว'),
(345, 47, 1, NULL, '2026-06-17 16:44:26', 'out', 'Order #136 Status: ชำระแล้ว'),
(346, 107, 1, NULL, '2026-06-17 16:44:26', 'out', 'Order #136 Status: ชำระแล้ว'),
(347, 108, 1, NULL, '2026-06-17 16:44:26', 'out', 'Order #136 Status: ชำระแล้ว'),
(348, 23, 1, NULL, '2026-06-17 16:44:26', 'out', 'Order #136 Status: ชำระแล้ว'),
(349, 46, 1, NULL, '2026-06-17 16:44:26', 'out', 'Order #136 Status: ชำระแล้ว'),
(350, 108, 1, NULL, '2026-06-17 16:44:26', 'out', 'Order #136 Status: ชำระแล้ว'),
(351, 46, 1, NULL, '2026-06-17 16:44:26', 'out', 'Order #136 Status: ชำระแล้ว'),
(352, 107, 1, NULL, '2026-06-17 16:44:26', 'out', 'Order #136 Status: ชำระแล้ว'),
(353, 124, 2, NULL, '2026-06-17 16:46:08', 'out', 'Order #129 Status: ชำระแล้ว'),
(354, 47, 1, NULL, '2026-06-17 16:46:08', 'out', 'Order #129 Status: ชำระแล้ว'),
(355, 47, 1, NULL, '2026-06-17 16:46:08', 'out', 'Order #129 Status: ชำระแล้ว'),
(356, 47, 2, NULL, '2026-06-17 16:46:27', 'out', 'Order #134 Status: ชำระแล้ว'),
(357, 120, 1, NULL, '2026-06-17 16:46:27', 'out', 'Order #134 Status: ชำระแล้ว'),
(358, 101, 6, NULL, '2026-06-17 16:46:27', 'out', 'Order #134 Status: ชำระแล้ว'),
(359, 108, 1, NULL, '2026-06-17 16:46:27', 'out', 'Order #134 Status: ชำระแล้ว'),
(360, 104, 1, NULL, '2026-06-17 16:46:27', 'out', 'Order #134 Status: ชำระแล้ว'),
(361, 46, 1, NULL, '2026-06-17 16:46:27', 'out', 'Order #134 Status: ชำระแล้ว'),
(362, 47, 1, NULL, '2026-06-17 16:46:27', 'out', 'Order #134 Status: ชำระแล้ว'),
(363, 101, 1, NULL, '2026-06-17 16:46:27', 'out', 'Order #134 Status: ชำระแล้ว'),
(364, 47, 1, NULL, '2026-06-17 16:46:27', 'out', 'Order #134 Status: ชำระแล้ว'),
(365, 120, 1, NULL, '2026-06-17 16:46:27', 'out', 'Order #134 Status: ชำระแล้ว'),
(366, 101, 2, NULL, '2026-06-17 16:46:27', 'out', 'Order #134 Status: ชำระแล้ว'),
(367, 44, 1, NULL, '2026-06-17 16:46:27', 'out', 'Order #134 Status: ชำระแล้ว'),
(368, 47, 1, NULL, '2026-06-17 16:46:27', 'out', 'Order #134 Status: ชำระแล้ว'),
(369, 44, 2, NULL, '2026-06-17 16:46:27', 'out', 'Order #134 Status: ชำระแล้ว'),
(370, 104, 1, NULL, '2026-06-17 16:46:27', 'out', 'Order #134 Status: ชำระแล้ว'),
(371, 101, 2, NULL, '2026-06-17 16:46:27', 'out', 'Order #134 Status: ชำระแล้ว'),
(372, 47, 1, NULL, '2026-06-17 16:46:27', 'out', 'Order #134 Status: ชำระแล้ว'),
(373, 47, 1, NULL, '2026-06-17 16:46:44', 'out', 'Order #131 Status: ชำระแล้ว'),
(374, 20, 1, NULL, '2026-06-17 16:46:44', 'out', 'Order #131 Status: ชำระแล้ว'),
(375, 101, 2, NULL, '2026-06-17 16:46:44', 'out', 'Order #131 Status: ชำระแล้ว'),
(376, 105, 1, NULL, '2026-06-17 16:46:44', 'out', 'Order #131 Status: ชำระแล้ว'),
(377, 47, 1, NULL, '2026-06-17 16:46:44', 'out', 'Order #131 Status: ชำระแล้ว'),
(378, 108, 1, NULL, '2026-06-17 16:46:44', 'out', 'Order #131 Status: ชำระแล้ว'),
(379, 44, 2, NULL, '2026-06-17 16:46:44', 'out', 'Order #131 Status: ชำระแล้ว'),
(380, 101, 2, NULL, '2026-06-17 16:46:44', 'out', 'Order #131 Status: ชำระแล้ว'),
(381, 47, 1, NULL, '2026-06-17 16:46:44', 'out', 'Order #131 Status: ชำระแล้ว'),
(382, 46, 1, NULL, '2026-06-17 16:46:44', 'out', 'Order #131 Status: ชำระแล้ว'),
(383, 101, 3, NULL, '2026-06-17 16:48:40', 'out', 'Order #141 Status: ชำระแล้ว'),
(384, 47, 1, NULL, '2026-06-17 16:48:40', 'out', 'Order #141 Status: ชำระแล้ว'),
(385, 45, 1, NULL, '2026-06-17 16:48:40', 'out', 'Order #141 Status: ชำระแล้ว'),
(386, 104, 1, NULL, '2026-06-17 16:48:40', 'out', 'Order #141 Status: ชำระแล้ว'),
(387, 101, 1, NULL, '2026-06-17 16:48:40', 'out', 'Order #141 Status: ชำระแล้ว'),
(388, 47, 1, NULL, '2026-06-17 16:48:40', 'out', 'Order #141 Status: ชำระแล้ว'),
(389, 154, 1, NULL, '2026-06-17 16:48:56', 'out', 'Order #139 Status: ชำระแล้ว'),
(390, 46, 1, NULL, '2026-06-17 16:48:56', 'out', 'Order #139 Status: ชำระแล้ว'),
(391, 154, 1, NULL, '2026-06-17 16:48:56', 'out', 'Order #139 Status: ชำระแล้ว'),
(392, 42, 1, NULL, '2026-06-17 16:53:52', 'out', 'Order #132 Status: ชำระแล้ว'),
(393, 104, 1, NULL, '2026-06-17 16:53:52', 'out', 'Order #132 Status: ชำระแล้ว'),
(394, 47, 1, NULL, '2026-06-17 16:53:52', 'out', 'Order #132 Status: ชำระแล้ว'),
(395, 42, 1, NULL, '2026-06-17 16:53:52', 'out', 'Order #132 Status: ชำระแล้ว'),
(396, 47, 1, NULL, '2026-06-17 16:53:52', 'out', 'Order #132 Status: ชำระแล้ว'),
(397, 42, 1, NULL, '2026-06-17 16:53:52', 'out', 'Order #132 Status: ชำระแล้ว'),
(398, 47, 1, NULL, '2026-06-17 16:53:52', 'out', 'Order #132 Status: ชำระแล้ว'),
(399, 108, 1, NULL, '2026-06-17 16:58:38', 'out', 'Order #123 Status: ชำระแล้ว'),
(400, 47, 1, NULL, '2026-06-17 16:58:38', 'out', 'Order #123 Status: ชำระแล้ว'),
(401, 108, 1, NULL, '2026-06-17 16:58:38', 'out', 'Order #123 Status: ชำระแล้ว'),
(402, 47, 1, NULL, '2026-06-17 16:58:38', 'out', 'Order #123 Status: ชำระแล้ว'),
(403, 44, 1, NULL, '2026-06-17 16:58:38', 'out', 'Order #123 Status: ชำระแล้ว'),
(404, 44, 1, NULL, '2026-06-17 16:58:38', 'out', 'Order #123 Status: ชำระแล้ว'),
(405, 46, 1, NULL, '2026-06-17 16:58:38', 'out', 'Order #123 Status: ชำระแล้ว'),
(406, 44, 1, NULL, '2026-06-17 16:58:38', 'out', 'Order #123 Status: ชำระแล้ว'),
(407, 45, 1, NULL, '2026-06-17 17:01:43', 'out', 'Order #144 Status: ชำระแล้ว'),
(408, 101, 3, NULL, '2026-06-17 17:01:43', 'out', 'Order #144 Status: ชำระแล้ว'),
(409, 46, 1, NULL, '2026-06-17 17:01:43', 'out', 'Order #144 Status: ชำระแล้ว'),
(410, 120, 1, NULL, '2026-06-17 17:02:15', 'out', 'Order #126 Status: ชำระแล้ว'),
(411, 46, 1, NULL, '2026-06-17 17:02:15', 'out', 'Order #126 Status: ชำระแล้ว'),
(412, 101, 3, NULL, '2026-06-17 17:02:15', 'out', 'Order #126 Status: ชำระแล้ว'),
(413, 105, 1, NULL, '2026-06-17 17:02:15', 'out', 'Order #126 Status: ชำระแล้ว'),
(414, 101, 5, NULL, '2026-06-17 17:02:15', 'out', 'Order #126 Status: ชำระแล้ว'),
(415, 101, 5, NULL, '2026-06-17 17:02:15', 'out', 'Order #126 Status: ชำระแล้ว'),
(416, 120, 1, NULL, '2026-06-17 17:02:15', 'out', 'Order #126 Status: ชำระแล้ว'),
(417, 105, 2, NULL, '2026-06-17 17:02:15', 'out', 'Order #126 Status: ชำระแล้ว'),
(418, 101, 3, NULL, '2026-06-17 17:02:15', 'out', 'Order #126 Status: ชำระแล้ว'),
(419, 48, 1, NULL, '2026-06-17 17:02:15', 'out', 'Order #126 Status: ชำระแล้ว'),
(420, 120, 2, NULL, '2026-06-17 17:02:15', 'out', 'Order #126 Status: ชำระแล้ว'),
(421, 46, 1, NULL, '2026-06-17 17:02:15', 'out', 'Order #126 Status: ชำระแล้ว'),
(422, 105, 2, NULL, '2026-06-17 17:02:15', 'out', 'Order #126 Status: ชำระแล้ว'),
(423, 101, 6, NULL, '2026-06-17 17:02:15', 'out', 'Order #126 Status: ชำระแล้ว'),
(424, 42, 1, NULL, '2026-06-17 17:02:15', 'out', 'Order #126 Status: ชำระแล้ว'),
(425, 120, 1, NULL, '2026-06-17 17:02:15', 'out', 'Order #126 Status: ชำระแล้ว'),
(426, 120, 1, NULL, '2026-06-17 17:02:15', 'out', 'Order #126 Status: ชำระแล้ว'),
(427, 46, 1, NULL, '2026-06-17 17:02:15', 'out', 'Order #126 Status: ชำระแล้ว'),
(428, 120, 2, NULL, '2026-06-17 17:02:15', 'out', 'Order #126 Status: ชำระแล้ว'),
(429, 101, 6, NULL, '2026-06-17 17:02:15', 'out', 'Order #126 Status: ชำระแล้ว'),
(430, 101, 4, NULL, '2026-06-17 17:02:15', 'out', 'Order #126 Status: ชำระแล้ว'),
(431, 48, 2, NULL, '2026-06-17 17:02:15', 'out', 'Order #126 Status: ชำระแล้ว'),
(432, 120, 2, NULL, '2026-06-17 17:02:15', 'out', 'Order #126 Status: ชำระแล้ว'),
(433, 101, 4, NULL, '2026-06-17 17:02:15', 'out', 'Order #126 Status: ชำระแล้ว'),
(434, 46, 1, NULL, '2026-06-17 17:02:15', 'out', 'Order #126 Status: ชำระแล้ว'),
(435, 46, 1, NULL, '2026-06-17 17:02:15', 'out', 'Order #126 Status: ชำระแล้ว'),
(436, 120, 2, NULL, '2026-06-17 17:02:15', 'out', 'Order #126 Status: ชำระแล้ว'),
(437, 104, 2, NULL, '2026-06-17 17:02:15', 'out', 'Order #126 Status: ชำระแล้ว'),
(438, 105, 1, NULL, '2026-06-17 17:02:15', 'out', 'Order #126 Status: ชำระแล้ว'),
(439, 101, 6, NULL, '2026-06-17 17:02:15', 'out', 'Order #126 Status: ชำระแล้ว'),
(440, 46, 1, NULL, '2026-06-17 17:02:15', 'out', 'Order #126 Status: ชำระแล้ว'),
(441, 44, 1, NULL, '2026-06-17 17:02:15', 'out', 'Order #126 Status: ชำระแล้ว'),
(442, 101, 3, NULL, '2026-06-17 17:02:15', 'out', 'Order #126 Status: ชำระแล้ว'),
(443, 120, 1, NULL, '2026-06-17 17:02:15', 'out', 'Order #126 Status: ชำระแล้ว'),
(444, 120, 1, NULL, '2026-06-17 17:02:15', 'out', 'Order #126 Status: ชำระแล้ว'),
(445, 20, 1, NULL, '2026-06-17 17:02:15', 'out', 'Order #126 Status: ชำระแล้ว'),
(446, 101, 3, NULL, '2026-06-17 17:02:15', 'out', 'Order #126 Status: ชำระแล้ว'),
(447, 23, 15, 3, '2026-06-18 06:04:31', 'in', 'ปรับสต็อกด้วยตนเอง: +15 ชิ้น (จาก -5 เป็น 10)'),
(448, 44, 32, 3, '2026-06-20 01:54:10', 'in', 'ปรับสต็อกด้วยตนเอง: +32 ชิ้น (จาก -12 เป็น 20)'),
(449, 125, 6, NULL, '2026-06-20 02:24:38', 'out', 'Order #147 Status: ชำระแล้ว | Sold: สิงห์ รีเสริฟโปร 3 ขวด x 2'),
(450, 42, 25, 3, '2026-06-20 02:25:51', 'in', 'ปรับสต็อกด้วยตนเอง: +25 ชิ้น (จาก -5 เป็น 20)'),
(451, 44, 2, NULL, '2026-06-20 02:26:45', 'out', 'Order #148 Status: ชำระแล้ว | Sold: เบียร์สิงห์ 3 ขวด  x 2'),
(452, 44, 2, 3, '2026-06-20 02:29:23', 'in', 'ปรับสต็อกด้วยตนเอง: +2 ชิ้น (จาก 18 เป็น 20)'),
(453, 44, 6, NULL, '2026-06-20 02:30:10', 'out', 'Order #149 Status: ชำระแล้ว | Sold: เบียร์สิงห์ 3 ขวด  x 2'),
(454, 42, 6, NULL, '2026-06-20 02:30:10', 'out', 'Order #149 Status: ชำระแล้ว | Sold: เบียร์ช้าง โปร 3 ขวด  x 2'),
(455, 107, 5, 3, '2026-06-20 02:48:16', 'in', 'ปรับสต็อกด้วยตนเอง: +5 ชิ้น (จาก 95 เป็น 100)');

-- --------------------------------------------------------

--
-- Table structure for table `table_sum_order`
--

CREATE TABLE `table_sum_order` (
  `sum_order_id` int(11) NOT NULL,
  `table_number` varchar(50) DEFAULT NULL,
  `total_amount` decimal(10,2) DEFAULT 0.00,
  `created_at` timestamp NOT NULL DEFAULT current_timestamp(),
  `status` varchar(50) DEFAULT 'pending',
  `note` text DEFAULT NULL,
  `customer_name` varchar(100) DEFAULT NULL,
  `session_token` varchar(100) DEFAULT NULL,
  `reprint_count` int(11) DEFAULT 0
) ENGINE=InnoDB DEFAULT CHARSET=utf8mb4 COLLATE=utf8mb4_general_ci;

--
-- Dumping data for table `table_sum_order`
--

INSERT INTO `table_sum_order` (`sum_order_id`, `table_number`, `total_amount`, `created_at`, `status`, `note`, `customer_name`, `session_token`, `reprint_count`) VALUES
(70, 'T7', 538.00, '2026-05-18 11:58:25', 'ชำระแล้ว', 'ชื่อลูกค้า: อ้าเอ้', 'Table T7', 'a98190c07bf4b362', 0),
(71, 'Ex1', 538.00, '2026-05-18 12:03:09', 'ลด 10%', NULL, 'พี่เก๋', 'caaf8eaf3ca813da', 0),
(72, 'Ex8', 1317.00, '2026-05-18 12:08:33', 'ลด 10%', NULL, 'พี่เก๋', '14ae3c20455123d4', 0),
(73, 'T1', 1038.40, '2026-05-18 12:34:03', 'ลด 10%', NULL, 'Table T1', 'f67d1aa01db7960e', 0),
(74, 'T8', 706.00, '2026-05-20 19:16:24', 'ชำระแล้ว', NULL, 'Table T8', '524890810c1f9ac5', 0),
(75, 'T2', 0.00, '2026-05-29 10:40:37', 'ชำระแล้ว', NULL, 'Table T2', 'b8fd1d1f15cc81b5', 0),
(76, 'T25', 0.00, '2026-05-29 10:49:51', 'ชำระแล้ว', NULL, 'Table T25', 'c211d099827de251', 0),
(77, 'T5', 0.00, '2026-05-29 12:40:25', 'ชำระแล้ว', NULL, 'Table T5', '5e0b435b9813ab4c', 0),
(78, 'T9', 0.00, '2026-05-29 12:40:47', 'ชำระแล้ว', NULL, 'Table T9', 'fef10f295f05dbf4', 0),
(79, 'Ex3', 0.00, '2026-05-29 12:50:42', 'ชำระแล้ว', NULL, 'พี่เก๋', '0b3524bbeb2fe31d', 0),
(80, 'T3', 0.00, '2026-06-05 10:59:32', 'ยกเลิก', 'test', 'Table T3', '181ed152acbd6815', 0),
(81, 'T2', 0.00, '2026-06-05 11:00:00', 'ยกเลิก', 'test', 'Table T2', '7a4bff6a2b3b1da5', 0),
(82, 'T1', 0.00, '2026-06-05 11:00:46', 'ยกเลิก', 'test', 'Table T1', '34b7b983367a848b', 0),
(83, 'T3', 444.00, '2026-06-06 04:41:32', 'ชำระแล้ว', NULL, 'Table T3', '015e6235c830e5ec', 0),
(84, 'T2', 0.00, '2026-06-07 12:07:54', 'ชำระแล้ว', NULL, 'Table T2', '7224229487d98107', 0),
(85, 'T13', 0.00, '2026-06-07 12:08:10', 'ยกเลิก', NULL, 'Table T13', 'ac81238d9f8c4be6', 0),
(86, 'Ex7', 0.00, '2026-06-07 12:14:01', 'ยกเลิก', NULL, 'Table Ex7', 'de32cd0603306fcc', 0),
(87, 'B38', 0.00, '2026-06-07 12:14:53', 'ยกเลิก', NULL, 'Table B38', 'c633842706cf8661', 0),
(88, 'B37', 0.00, '2026-06-07 12:15:28', 'ยกเลิก', NULL, 'Table B37', 'dccc1d04df2b4b93', 0),
(89, 'B36', 0.00, '2026-06-07 12:16:59', 'ยกเลิก', NULL, 'Table B36', '0b29b0a4b311d712', 0),
(90, 'B35', 0.00, '2026-06-07 12:22:18', 'ยกเลิก', NULL, 'Table B35', '7b137af13d9928f9', 0),
(91, 'B34', 0.00, '2026-06-07 12:23:28', 'ยกเลิก', NULL, 'Table B34', 'a3cc6e408a7f2c70', 0),
(92, 'B33', 0.00, '2026-06-07 12:28:44', 'ยกเลิก', NULL, 'Table B33', '9bcda4ab3a5660fe', 0),
(93, 'B32', 0.00, '2026-06-07 12:45:37', 'ยกเลิก', NULL, 'Table B32', '82ac7c329184ee4b', 0),
(94, 'T17', 138.00, '2026-06-07 12:47:52', 'ยกเลิก', NULL, 'Table T17', '970aad7d171ac72b', 0),
(95, 'B31', 296.00, '2026-06-07 13:01:11', 'ชำระแล้ว', NULL, 'Table B31', 'e51201d67b3f90eb', 0),
(96, 'T23', 0.00, '2026-06-07 13:03:00', 'ยกเลิก', NULL, 'Table T23', '7bf787b0990d8573', 0),
(97, 'T24', 0.00, '2026-06-07 13:33:13', 'ยกเลิก', NULL, 'Table T24', '4aa6e05c7780c5b1', 0),
(98, 'T1', 528.00, '2026-06-07 20:33:45', 'ยกเลิก', NULL, 'Table T1', '7cf144a98b2a5ed8', 0),
(99, 'B30', 1546.80, '2026-06-14 11:52:00', 'ลด 10%', NULL, 'Table B30', 'a853c60dc65419ca', 0),
(100, 'T10', 148.00, '2026-06-14 11:55:34', 'ยกเลิก', NULL, 'Table T10', '8a8834ffe6e38886', 0),
(101, 'T3', 0.00, '2026-06-14 13:13:55', 'ยกเลิก', NULL, 'Table T3', '812bddb517d243e9', 0),
(102, 'T18', 446.00, '2026-06-16 12:59:33', 'ยกเลิก', NULL, 'Table T18', '197d5f745042460c', 0),
(103, 'T5', 258.00, '2026-06-16 13:22:24', 'ชำระแล้ว', NULL, 'Table T5', 'a1f9f613467080b8', 0),
(104, 'T1', 766.00, '2026-06-17 10:34:11', 'ชำระแล้ว', NULL, 'Table T1', '9ddc6e9c6e1fd860', 0),
(105, 'T2', 444.00, '2026-06-17 10:36:24', 'ชำระแล้ว', NULL, 'Table T2', '08601e778ec53aba', 0),
(106, 'T16', 1102.00, '2026-06-17 10:43:03', 'ชำระแล้ว', NULL, 'Table T16', '845162a2a9810290', 0),
(107, 'T1', 633.00, '2026-06-17 10:46:43', 'ยกเลิก', NULL, 'Table T1', '27dee62f1b8a894c', 0),
(108, 'T1', 448.00, '2026-06-17 10:53:33', 'ยกเลิก', NULL, 'Table T1', '', 0),
(109, 'T1', 0.00, '2026-06-17 10:58:18', 'ยกเลิก', NULL, 'Table T1', '92b5318c534a8438', 0),
(110, 'T1', 848.00, '2026-06-17 11:03:43', 'ชำระแล้ว', NULL, 'Table T1', '1bf8fedcbd953e1e', 0),
(111, 'T9', 821.00, '2026-06-17 11:11:40', 'ชำระแล้ว', NULL, 'Table T9', '15210671da40ebe6', 0),
(112, 'T10', 2331.00, '2026-06-17 11:16:53', 'ชำระแล้ว', NULL, 'Table T10', 'dc7ea7488af51ecb', 0),
(113, 'T4', 1070.00, '2026-06-17 11:54:25', 'ชำระแล้ว', NULL, 'Table T4', '4e5b371b964db069', 0),
(114, 'T19', 1107.00, '2026-06-17 11:58:06', 'ชำระแล้ว', NULL, 'Table T19', '23b7b3202bc2d3a0', 0),
(115, 'T3', 1145.00, '2026-06-17 12:06:02', 'ชำระแล้ว', NULL, 'Table T3', '423f13652126a9ec', 0),
(116, 'B30', 0.00, '2026-06-17 12:06:11', 'ยกเลิก', NULL, 'Table B30', '13cee22649d5e51a', 0),
(117, 'T22', 1317.00, '2026-06-17 12:06:35', 'ชำระแล้ว', NULL, 'Table T22', 'f9da9fb0ea885035', 0),
(118, 'T5', 17821.00, '2026-06-17 12:16:33', 'ชำระแล้ว', '[20:20] แก้ไขโดย พี่ใหญ่: เทสระบบ | [20:21] แก้ไขโดย พี่ใหญ่: เทสระบบ | [20:22] แก้ไขโดย พี่ใหญ่: test delete  | [20:24] แก้ไขโดย พี่ใหญ่: test delete 2 price 18205 | [20:28] แก้ไขโดย พี่ใหญ่: delete order price 17821', 'Table T5', 'd85778317a8c5c54', 0),
(119, 'T24', 1477.00, '2026-06-17 12:17:37', 'ชำระแล้ว', NULL, 'Table T24', '880d2929733e5c7a', 0),
(120, 'T15', 525.00, '2026-06-17 12:32:16', 'ชำระแล้ว', NULL, 'Table T15', '0926c0ee162b0b40', 0),
(121, 'T7', 1466.00, '2026-06-17 12:36:24', 'ชำระแล้ว', NULL, 'Table T7', '274d378ae1bce972', 0),
(122, 'B26', 214.00, '2026-06-17 12:37:33', 'ยกเลิก', '[20:15] แก้ไขโดย พี่เก๋: เกิน', 'Table B26', 'bf8435fa3021f203', 0),
(123, 'B28', 1661.00, '2026-06-17 12:58:26', 'ชำระแล้ว', NULL, 'Table B28', 'f959a746af81c2df', 0),
(124, 'T12', 347.00, '2026-06-17 12:58:32', 'ชำระแล้ว', NULL, 'Table T12', '3408545d221ddba2', 0),
(125, 'T23', 876.00, '2026-06-17 13:00:28', 'ชำระแล้ว', '[20:12] แก้ไขโดย พี่เก๋: 1 | [20:12] แก้ไขโดย พี่เก๋: เกิน | [20:14] แก้ไขโดย พี่ใหญ่: สั่งเบิ้ล | [20:14] แก้ไขโดย พี่ใหญ่: คืนของ', 'Table T23', '7c2eb013723e83b4', 0),
(126, 'T14', 9247.00, '2026-06-17 13:17:17', 'ชำระแล้ว', NULL, 'Table T14', '81dbeb12277ad702', 0),
(127, 'T23', 188.00, '2026-06-17 13:17:36', 'ชำระแล้ว', NULL, 'Table T23', '2e9707a845e58ea6', 0),
(128, 'B26', 428.00, '2026-06-17 13:21:59', 'ชำระแล้ว', NULL, 'Table B26', '6c7497f209df0541', 0),
(129, 'T8', 428.00, '2026-06-17 13:23:27', 'ชำระแล้ว', NULL, 'Table T8', '1cd44dfe11d8e84a', 0),
(130, 'Ex10', 1458.00, '2026-06-17 13:25:03', 'ยกเลิก', NULL, 'เทส', '4015409c58851cb9', 0),
(131, 'T13', 1210.00, '2026-06-17 13:27:24', 'ชำระแล้ว', NULL, 'Table T13', '568f1f4c76940088', 0),
(132, 'Ex1', 547.00, '2026-06-17 13:28:32', 'ชำระแล้ว', NULL, 'อ้ายหนึ่ง บาร์32', '9c0221c7390374be', 0),
(133, 'T5', 444.00, '2026-06-17 13:34:46', 'ชำระแล้ว', NULL, 'Table T5', '301a7a91fffb78df', 0),
(134, 'T10', 1862.00, '2026-06-17 13:39:05', 'ชำระแล้ว', NULL, 'Table T10', '32a59888e84f76ee', 0),
(135, 'T5', 505.00, '2026-06-17 13:52:16', 'ชำระแล้ว', NULL, 'Table T5', '72696c9ca73b54f9', 0),
(136, 'T1', 1748.00, '2026-06-17 13:57:26', 'ชำระแล้ว', NULL, 'Table T1', 'b554b21fbf08ffd0', 0),
(137, 'B30', 530.00, '2026-06-17 14:14:50', 'ชำระแล้ว', NULL, 'Table B30', 'b824b8e46ab8a3d0', 0),
(138, 'T4', 244.00, '2026-06-17 14:24:13', 'ชำระแล้ว', NULL, 'Table T4', '38f9b774e98322c4', 0),
(139, 'Ex2', 730.00, '2026-06-17 14:26:11', 'ชำระแล้ว', NULL, 'อ้ายเอ้ บาร์ 33', '17bea1ad082cecef', 0),
(140, 'T6', 482.00, '2026-06-17 14:58:45', 'ชำระแล้ว', NULL, 'Table T6', '58eb3bf0542572f2', 0),
(141, 'T23', 369.00, '2026-06-17 15:07:06', 'ชำระแล้ว', '[22:14] แก้ไขโดย พี่เก๋: 1', 'Table T23', '205c9a25ba93b81d', 0),
(142, 'Ex5', 80.00, '2026-06-17 15:09:04', 'ชำระแล้ว', NULL, 'บาร์สนุ๊ก', '63c39bfc7fe5e5e7', 0),
(143, 'T9', 268.00, '2026-06-17 15:15:24', 'ชำระแล้ว', NULL, 'Table T9', '1d79516927a36eda', 0),
(144, 'T15', 260.00, '2026-06-17 17:00:58', 'ชำระแล้ว', NULL, 'Table T15', '56b6e0e88c05c643', 0),
(145, 'T1', 4320.00, '2026-06-17 17:48:15', 'ชำระแล้ว', NULL, 'Table T1', '196e0e2e4f360907', 0),
(146, 'T1', 159.00, '2026-06-18 00:58:40', 'ยกเลิก', 'r', 'Table T1', 'cd3893b7c22b0395', 0),
(147, 'T1', 1094.00, '2026-06-18 01:55:29', 'ชำระแล้ว', '[08:55] แก้ไขโดย พี่เก๋: test | [09:02] แก้ไขโดย พี่ใหญ่: test | [09:05] แก้ไขโดย พี่ใหญ่: Test', 'Table T1', '8b8b193064536d7a', 0),
(148, 'T1', 458.00, '2026-06-20 02:26:09', 'ชำระแล้ว', NULL, 'Table T1', '58e4150c7c44e93f', 0),
(149, 'T1', 856.00, '2026-06-20 02:29:28', 'ชำระแล้ว', NULL, 'Table T1', '53a2db6aeea9da53', 0),
(150, 'T9', 0.00, '2026-06-20 02:41:32', 'ยกเลิก', 'test', 'Table T9', '4875753798dbeb26', 0);

-- --------------------------------------------------------

--
-- Table structure for table `type_menu`
--

CREATE TABLE `type_menu` (
  `type_id` int(11) NOT NULL,
  `type_name` varchar(50) NOT NULL
) ENGINE=InnoDB DEFAULT CHARSET=utf8mb4 COLLATE=utf8mb4_general_ci;

--
-- Dumping data for table `type_menu`
--

INSERT INTO `type_menu` (`type_id`, `type_name`) VALUES
(8, 'เครื่องดื่ม'),
(9, 'เมนูทอด'),
(10, 'อาหารจานเดียว'),
(11, 'เมนูทานเล่น'),
(13, 'เมนูยำ'),
(14, 'เมนูต้ม'),
(15, 'เมนูกับแกล้ม'),
(16, 'มิ๊กเซอร์'),
(17, 'เมนูจุ่ม'),
(18, 'เมนูผัด'),
(19, 'เมนูส้มตำ');

--
-- Indexes for dumped tables
--

--
-- Indexes for table `login`
--
ALTER TABLE `login`
  ADD PRIMARY KEY (`user_id`),
  ADD UNIQUE KEY `username` (`username`);

--
-- Indexes for table `special_tables`
--
ALTER TABLE `special_tables`
  ADD PRIMARY KEY (`id`),
  ADD UNIQUE KEY `table_name` (`table_name`),
  ADD KEY `ix_special_tables_id` (`id`);

--
-- Indexes for table `table_activity_log`
--
ALTER TABLE `table_activity_log`
  ADD PRIMARY KEY (`log_id`);

--
-- Indexes for table `table_category`
--
ALTER TABLE `table_category`
  ADD PRIMARY KEY (`menu_id`),
  ADD KEY `FK_TypeMenu` (`type_id`);

--
-- Indexes for table `table_log_cus`
--
ALTER TABLE `table_log_cus`
  ADD PRIMARY KEY (`log_cus_id`),
  ADD KEY `FK_LogCus_Menu` (`menu_id`),
  ADD KEY `fk_sum_order` (`sum_order_id`);

--
-- Indexes for table `table_log_emp`
--
ALTER TABLE `table_log_emp`
  ADD PRIMARY KEY (`log_emp_id`),
  ADD KEY `FK_LogEmp_Menu` (`menu_id`),
  ADD KEY `FK_LogEmp_User` (`user_id`);

--
-- Indexes for table `table_sum_order`
--
ALTER TABLE `table_sum_order`
  ADD PRIMARY KEY (`sum_order_id`);

--
-- Indexes for table `type_menu`
--
ALTER TABLE `type_menu`
  ADD PRIMARY KEY (`type_id`);

--
-- AUTO_INCREMENT for dumped tables
--

--
-- AUTO_INCREMENT for table `login`
--
ALTER TABLE `login`
  MODIFY `user_id` int(11) NOT NULL AUTO_INCREMENT, AUTO_INCREMENT=20;

--
-- AUTO_INCREMENT for table `special_tables`
--
ALTER TABLE `special_tables`
  MODIFY `id` int(11) NOT NULL AUTO_INCREMENT;

--
-- AUTO_INCREMENT for table `table_activity_log`
--
ALTER TABLE `table_activity_log`
  MODIFY `log_id` int(11) NOT NULL AUTO_INCREMENT, AUTO_INCREMENT=166;

--
-- AUTO_INCREMENT for table `table_category`
--
ALTER TABLE `table_category`
  MODIFY `menu_id` int(11) NOT NULL AUTO_INCREMENT, AUTO_INCREMENT=156;

--
-- AUTO_INCREMENT for table `table_log_cus`
--
ALTER TABLE `table_log_cus`
  MODIFY `log_cus_id` int(11) NOT NULL AUTO_INCREMENT, AUTO_INCREMENT=713;

--
-- AUTO_INCREMENT for table `table_log_emp`
--
ALTER TABLE `table_log_emp`
  MODIFY `log_emp_id` int(11) NOT NULL AUTO_INCREMENT, AUTO_INCREMENT=456;

--
-- AUTO_INCREMENT for table `table_sum_order`
--
ALTER TABLE `table_sum_order`
  MODIFY `sum_order_id` int(11) NOT NULL AUTO_INCREMENT, AUTO_INCREMENT=151;

--
-- AUTO_INCREMENT for table `type_menu`
--
ALTER TABLE `type_menu`
  MODIFY `type_id` int(11) NOT NULL AUTO_INCREMENT, AUTO_INCREMENT=20;

--
-- Constraints for dumped tables
--

--
-- Constraints for table `table_category`
--
ALTER TABLE `table_category`
  ADD CONSTRAINT `FK_TypeMenu` FOREIGN KEY (`type_id`) REFERENCES `type_menu` (`type_id`) ON DELETE SET NULL;

--
-- Constraints for table `table_log_cus`
--
ALTER TABLE `table_log_cus`
  ADD CONSTRAINT `FK_LogCus_Menu` FOREIGN KEY (`menu_id`) REFERENCES `table_category` (`menu_id`),
  ADD CONSTRAINT `fk_sum_order` FOREIGN KEY (`sum_order_id`) REFERENCES `table_sum_order` (`sum_order_id`) ON DELETE CASCADE;

--
-- Constraints for table `table_log_emp`
--
ALTER TABLE `table_log_emp`
  ADD CONSTRAINT `FK_LogEmp_Menu` FOREIGN KEY (`menu_id`) REFERENCES `table_category` (`menu_id`),
  ADD CONSTRAINT `FK_LogEmp_User` FOREIGN KEY (`user_id`) REFERENCES `login` (`user_id`);
COMMIT;

/*!40101 SET CHARACTER_SET_CLIENT=@OLD_CHARACTER_SET_CLIENT */;
/*!40101 SET CHARACTER_SET_RESULTS=@OLD_CHARACTER_SET_RESULTS */;
/*!40101 SET COLLATION_CONNECTION=@OLD_COLLATION_CONNECTION */;
